,FIFA 24,Counter-Strike 2,League of Legends,Elden Ring,The Witcher 3,Stardew Valley,NBA 2K24,The Last of Us Part I,Batman: Arkham Asylum,Marvel's Spider-Man,Street Fighter 6,Mortal Kombat 1,God of War RagnarÃ¶k,Assassin's Creed Mirage,Top Eleven,Bomba Patch,Grand Theft Auto V,Minecraft,Roblox,Rocket League,Gran Turismo 7,Valorant
user_1,0.0,0.0,3.0,0.0,0.0,5.0,0.0,3.0,0.0,0.0,0.0,0.0,0.0,0.0,0.0,2.0,0.0,0.0,0.0,0.0,0.0,2.0
user_2,2.0,0.0,0.0,3.0,0.0,0.0,0.0,4.0,0.0,0.0,0.0,5.0,0.0,5.0,0.0,0.0,5.0,3.0,0.0,0.0,2.0,0.0
user_3,0.0,4.0,0.0,0.0,0.0,1.0,1.0,0.0,4.0,0.0,0.0,1.0,0.0,0.0,0.0,0.0,1.0,0.0,0.0,0.0,0.0,1.0
user_4,4.0,2.0,0.0,4.0,0.0,2.0,0.0,0.0,0.0,4.0,0.0,0.0,0.0,0.0,0.0,4.0,0.0,1.0,0.0,5.0,2.0,0.0
user_5,0.0,0.0,2.0,2.0,1.0,0.0,2.0,5.0,0.0,3.0,0.0,0.0,0.0,0.0,5.0,1.0,0.0,0.0,0.0,1.0,5.0,0.0
user_6,0.0,0.0,2.0,1.0,1.0,0.0,2.0,0.0,5.0,0.0,0.0,0.0,0.0,0.0,0.0,0.0,0.0,3.0,5.0,0.0,0.0,4.0
user_7,0.0,0.0,0.0,0.0,0.0,1.0,0.0,1.0,3.0,0.0,0.0,0.0,0.0,0.0,0.0,0.0,0.0,0.0,5.0,2.0,0.0,0.0
user_8,0.0,0.0,0.0,0.0,0.0,0.0,3.0,0.0,3.0,1.0,3.0,4.0,4.0,2.0,0.0,0.0,0.0,0.0,4.0,4.0,0.0,1.0
user_9,3.0,0.0,2.0,0.0,0.0,2.0,4.0,0.0,0.0,0.0,0.0,0.0,2.0,0.0,4.0,0.0,0.0,0.0,1.0,4.0,4.0,0.0
user_10,0.0,0.0,0.0,0.0,1.0,0.0,0.0,0.0,0.0,0.0,0.0,4.0,4.0,4.0,0.0,0.0,0.0,0.0,0.0,0.0,0.0,1.0
user_11,1.0,5.0,0.0,2.0,0.0,2.0,2.0,0.0,0.0,0.0,0.0,0.0,4.0,3.0,0.0,0.0,0.0,0.0,2.0,0.0,0.0,0.0
user_12,0.0,0.0,0.0,3.0,0.0,0.0,5.0,0.0,0.0,3.0,0.0,1.0,0.0,0.0,0.0,0.0,0.0,0.0,0.0,0.0,0.0,0.0
user_13,2.0,0.0,3.0,1.0,0.0,0.0,0.0,5.0,0.0,3.0,2.0,0.0,0.0,0.0,1.0,1.0,0.0,0.0,0.0,0.0,1.0,0.0
user_14,0.0,3.0,0.0,0.0,0.0,0.0,0.0,0.0,4.0,4.0,0.0,3.0,5.0,0.0,1.0,0.0,0.0,0.0,4.0,0.0,0.0,3.0
user_15,0.0,0.0,0.0,0.0,0.0,0.0,3.0,3.0,3.0,0.0,5.0,0.0,3.0,0.0,0.0,0.0,0.0,0.0,0.0,0.0,4.0,4.0
user_16,0.0,0.0,1.0,4.0,0.0,0.0,3.0,2.0,0.0,0.0,1.0,0.0,0.0,0.0,0.0,0.0,0.0,0.0,1.0,5.0,0.0,2.0
user_17,0.0,0.0,0.0,1.0,0.0,0.0,5.0,0.0,1.0,0.0,0.0,2.0,0.0,0.0,0.0,4.0,0.0,4.0,2.0,0.0,0.0,0.0
user_18,4.0,0.0,0.0,0.0,0.0,0.0,0.0,5.0,2.0,5.0,0.0,0.0,0.0,2.0,0.0,0.0,4.0,0.0,0.0,0.0,1.0,1.0
user_19,1.0,5.0,0.0,0.0,2.0,0.0,0.0,0.0,4.0,1.0,4.0,0.0,4.0,0.0,0.0,0.0,0.0,0.0,0.0,0.0,0.0,5.0
user_20,0.0,0.0,0.0,3.0,0.0,2.0,0.0,5.0,0.0,0.0,4.0,0.0,0.0,0.0,0.0,0.0,0.0,4.0,0.0,3.0,5.0,5.0
user_21,0.0,1.0,4.0,0.0,0.0,0.0,0.0,0.0,0.0,0.0,0.0,3.0,0.0,0.0,0.0,0.0,0.0,1.0,0.0,0.0,2.0,0.0
user_22,0.0,0.0,0.0,4.0,0.0,0.0,0.0,0.0,0.0,0.0,0.0,0.0,0.0,0.0,4.0,0.0,0.0,0.0,0.0,5.0,0.0,0.0
user_23,0.0,0.0,2.0,0.0,0.0,0.0,0.0,0.0,0.0,2.0,0.0,0.0,0.0,0.0,0.0,4.0,2.0,2.0,0.0,2.0,0.0,5.0
user_24,0.0,0.0,0.0,2.0,0.0,0.0,0.0,5.0,0.0,0.0,0.0,0.0,5.0,0.0,0.0,2.0,0.0,0.0,0.0,0.0,0.0,0.0
user_25,0.0,0.0,0.0,0.0,2.0,5.0,0.0,0.0,0.0,0.0,0.0,2.0,5.0,0.0,0.0,0.0,1.0,0.0,0.0,0.0,0.0,0.0
user_26,0.0,0.0,0.0,0.0,0.0,0.0,0.0,0.0,4.0,0.0,0.0,0.0,0.0,2.0,0.0,0.0,0.0,0.0,0.0,0.0,4.0,0.0
user_27,3.0,0.0,0.0,0.0,0.0,1.0,0.0,0.0,0.0,0.0,0.0,0.0,0.0,0.0,0.0,0.0,0.0,1.0,0.0,1.0,0.0,0.0
user_28,1.0,0.0,1.0,0.0,0.0,0.0,0.0,3.0,1.0,0.0,0.0,0.0,0.0,0.0,1.0,2.0,0.0,1.0,0.0,1.0,5.0,0.0
user_29,4.0,0.0,0.0,5.0,0.0,0.0,0.0,5.0,0.0,0.0,0.0,5.0,0.0,4.0,0.0,0.0,0.0,0.0,0.0,5.0,2.0,2.0
user_30,0.0,1.0,0.0,0.0,0.0,0.0,2.0,5.0,2.0,0.0,5.0,4.0,0.0,0.0,0.0,0.0,2.0,3.0,0.0,0.0,1.0,3.0
user_31,5.0,0.0,0.0,0.0,2.0,0.0,4.0,5.0,0.0,5.0,1.0,3.0,0.0,0.0,4.0,0.0,0.0,0.0,0.0,1.0,4.0,0.0
user_32,5.0,0.0,1.0,0.0,2.0,0.0,0.0,0.0,1.0,1.0,2.0,0.0,0.0,2.0,4.0,0.0,5.0,0.0,0.0,0.0,0.0,3.0
user_33,1.0,0.0,5.0,0.0,0.0,0.0,0.0,0.0,0.0,0.0,4.0,0.0,5.0,0.0,0.0,1.0,4.0,0.0,0.0,0.0,0.0,0.0
user_34,0.0,0.0,0.0,0.0,0.0,0.0,0.0,4.0,0.0,0.0,0.0,5.0,0.0,0.0,0.0,0.0,0.0,4.0,0.0,0.0,0.0,0.0
user_35,0.0,0.0,0.0,0.0,0.0,0.0,0.0,3.0,1.0,5.0,0.0,4.0,0.0,0.0,0.0,2.0,0.0,0.0,0.0,0.0,4.0,0.0
user_36,0.0,0.0,2.0,4.0,0.0,3.0,3.0,0.0,5.0,0.0,0.0,1.0,5.0,0.0,2.0,0.0,0.0,0.0,0.0,3.0,0.0,4.0
user_37,5.0,0.0,2.0,0.0,0.0,0.0,0.0,2.0,1.0,0.0,0.0,5.0,0.0,0.0,5.0,4.0,0.0,4.0,2.0,0.0,0.0,0.0
user_38,4.0,0.0,1.0,0.0,0.0,5.0,1.0,2.0,0.0,3.0,0.0,0.0,0.0,0.0,0.0,0.0,0.0,0.0,0.0,0.0,1.0,0.0
user_39,0.0,0.0,0.0,0.0,3.0,0.0,0.0,0.0,0.0,0.0,1.0,0.0,0.0,0.0,0.0,0.0,0.0,0.0,0.0,0.0,2.0,0.0
user_40,0.0,0.0,5.0,5.0,1.0,2.0,0.0,1.0,3.0,0.0,4.0,1.0,0.0,0.0,0.0,1.0,0.0,0.0,1.0,0.0,0.0,0.0
user_41,0.0,0.0,0.0,0.0,5.0,0.0,4.0,5.0,0.0,0.0,1.0,0.0,0.0,0.0,0.0,0.0,5.0,5.0,0.0,2.0,0.0,0.0
user_42,1.0,0.0,0.0,2.0,0.0,5.0,0.0,0.0,0.0,0.0,2.0,3.0,0.0,2.0,0.0,0.0,0.0,0.0,0.0,3.0,3.0,0.0
user_43,3.0,0.0,0.0,0.0,0.0,2.0,0.0,0.0,0.0,0.0,0.0,0.0,0.0,3.0,5.0,0.0,0.0,0.0,0.0,2.0,0.0,0.0
user_44,0.0,0.0,5.0,0.0,0.0,3.0,5.0,2.0,5.0,3.0,2.0,0.0,0.0,0.0,5.0,0.0,0.0,0.0,0.0,1.0,4.0,0.0
user_45,0.0,0.0,5.0,0.0,0.0,3.0,5.0,1.0,0.0,0.0,0.0,0.0,0.0,0.0,0.0,0.0,0.0,0.0,4.0,4.0,0.0,0.0
user_46,0.0,0.0,0.0,3.0,4.0,0.0,0.0,0.0,5.0,0.0,0.0,0.0,0.0,0.0,0.0,0.0,0.0,0.0,0.0,0.0,0.0,0.0
user_47,4.0,5.0,0.0,0.0,0.0,0.0,2.0,0.0,3.0,0.0,0.0,0.0,0.0,0.0,5.0,0.0,0.0,5.0,4.0,0.0,5.0,0.0
user_48,0.0,0.0,4.0,0.0,0.0,0.0,0.0,0.0,0.0,0.0,0.0,0.0,0.0,2.0,1.0,0.0,0.0,0.0,0.0,0.0,0.0,0.0
user_49,0.0,0.0,4.0,1.0,0.0,0.0,0.0,0.0,0.0,0.0,0.0,0.0,0.0,0.0,0.0,1.0,0.0,0.0,3.0,0.0,0.0,0.0
user_50,0.0,0.0,0.0,0.0,1.0,0.0,0.0,0.0,0.0,3.0,0.0,0.0,1.0,0.0,0.0,0.0,0.0,0.0,1.0,4.0,0.0,0.0
user_51,0.0,4.0,0.0,0.0,0.0,0.0,0.0,0.0,0.0,0.0,1.0,0.0,0.0,0.0,0.0,0.0,3.0,0.0,0.0,0.0,1.0,1.0
user_52,0.0,2.0,0.0,0.0,1.0,0.0,2.0,0.0,0.0,0.0,0.0,0.0,2.0,0.0,5.0,0.0,0.0,5.0,0.0,0.0,0.0,0.0
user_53,0.0,0.0,0.0,1.0,0.0,0.0,0.0,0.0,0.0,2.0,0.0,0.0,0.0,3.0,2.0,0.0,4.0,0.0,5.0,0.0,0.0,0.0
user_54,0.0,3.0,1.0,5.0,0.0,0.0,3.0,0.0,1.0,4.0,0.0,0.0,0.0,0.0,2.0,4.0,0.0,0.0,0.0,1.0,0.0,5.0
user_55,1.0,0.0,3.0,0.0,0.0,0.0,2.0,1.0,0.0,0.0,1.0,0.0,0.0,0.0,0.0,4.0,4.0,0.0,5.0,2.0,0.0,3.0
user_56,0.0,0.0,0.0,0.0,0.0,0.0,3.0,0.0,0.0,2.0,0.0,0.0,0.0,0.0,0.0,0.0,5.0,4.0,0.0,2.0,0.0,0.0
user_57,0.0,0.0,0.0,0.0,0.0,0.0,0.0,0.0,0.0,0.0,0.0,0.0,0.0,5.0,0.0,5.0,0.0,0.0,0.0,4.0,0.0,0.0
user_58,0.0,0.0,2.0,0.0,0.0,1.0,0.0,0.0,0.0,0.0,0.0,0.0,0.0,5.0,0.0,0.0,0.0,0.0,0.0,0.0,0.0,0.0
user_59,5.0,0.0,0.0,0.0,0.0,0.0,0.0,0.0,2.0,1.0,0.0,4.0,2.0,0.0,1.0,0.0,3.0,0.0,0.0,0.0,1.0,0.0
user_60,5.0,0.0,0.0,0.0,0.0,0.0,3.0,0.0,2.0,0.0,0.0,0.0,2.0,0.0,0.0,0.0,0.0,0.0,0.0,0.0,0.0,0.0
user_61,0.0,2.0,0.0,3.0,0.0,0.0,0.0,1.0,0.0,5.0,4.0,0.0,2.0,0.0,0.0,0.0,0.0,0.0,2.0,0.0,5.0,4.0
user_62,0.0,4.0,0.0,0.0,0.0,5.0,0.0,0.0,2.0,1.0,0.0,1.0,5.0,0.0,1.0,0.0,0.0,0.0,3.0,0.0,0.0,0.0
user_63,0.0,0.0,0.0,5.0,0.0,0.0,0.0,0.0,0.0,0.0,0.0,0.0,0.0,0.0,0.0,0.0,4.0,4.0,0.0,0.0,0.0,0.0
user_64,0.0,3.0,0.0,4.0,0.0,0.0,3.0,0.0,2.0,1.0,0.0,0.0,0.0,3.0,0.0,0.0,4.0,2.0,0.0,3.0,0.0,0.0
user_65,0.0,0.0,0.0,0.0,1.0,0.0,0.0,0.0,0.0,0.0,0.0,2.0,0.0,0.0,0.0,0.0,1.0,4.0,0.0,0.0,0.0,0.0
user_66,0.0,0.0,0.0,5.0,0.0,0.0,0.0,0.0,2.0,0.0,0.0,1.0,0.0,0.0,2.0,0.0,0.0,0.0,0.0,0.0,0.0,3.0
user_67,0.0,0.0,0.0,0.0,0.0,0.0,1.0,0.0,0.0,0.0,0.0,0.0,1.0,3.0,0.0,0.0,0.0,0.0,0.0,1.0,3.0,2.0
user_68,0.0,2.0,0.0,0.0,0.0,3.0,4.0,0.0,0.0,5.0,0.0,0.0,0.0,0.0,0.0,0.0,0.0,4.0,4.0,0.0,0.0,5.0
user_69,0.0,0.0,0.0,0.0,0.0,1.0,0.0,0.0,0.0,2.0,0.0,4.0,0.0,0.0,0.0,0.0,1.0,0.0,0.0,3.0,1.0,0.0
user_70,0.0,0.0,0.0,0.0,0.0,0.0,0.0,0.0,0.0,2.0,0.0,0.0,2.0,0.0,1.0,0.0,0.0,0.0,0.0,0.0,0.0,0.0
user_71,0.0,0.0,0.0,0.0,0.0,0.0,0.0,5.0,0.0,0.0,3.0,0.0,0.0,0.0,4.0,3.0,0.0,2.0,3.0,3.0,4.0,0.0
user_72,0.0,1.0,0.0,0.0,0.0,0.0,0.0,0.0,0.0,0.0,0.0,0.0,3.0,1.0,0.0,0.0,0.0,0.0,0.0,0.0,0.0,0.0
user_73,3.0,0.0,0.0,0.0,0.0,0.0,5.0,3.0,2.0,4.0,0.0,0.0,5.0,4.0,0.0,0.0,0.0,0.0,0.0,4.0,0.0,2.0
user_74,0.0,0.0,0.0,0.0,0.0,5.0,4.0,0.0,2.0,0.0,1.0,0.0,3.0,1.0,0.0,0.0,3.0,4.0,5.0,0.0,3.0,0.0
user_75,0.0,3.0,0.0,0.0,0.0,0.0,2.0,0.0,4.0,0.0,5.0,0.0,0.0,0.0,0.0,0.0,0.0,0.0,0.0,0.0,3.0,0.0
user_76,0.0,0.0,0.0,0.0,0.0,0.0,2.0,0.0,0.0,0.0,2.0,2.0,0.0,0.0,0.0,0.0,4.0,0.0,0.0,1.0,0.0,0.0
user_77,0.0,0.0,0.0,0.0,0.0,1.0,0.0,0.0,0.0,0.0,0.0,0.0,4.0,0.0,0.0,5.0,0.0,5.0,0.0,0.0,0.0,0.0
user_78,0.0,4.0,0.0,4.0,0.0,0.0,0.0,0.0,1.0,0.0,0.0,0.0,3.0,3.0,3.0,5.0,0.0,0.0,0.0,2.0,0.0,5.0
user_79,0.0,0.0,0.0,0.0,0.0,0.0,0.0,0.0,0.0,0.0,4.0,0.0,0.0,0.0,0.0,1.0,0.0,0.0,0.0,1.0,0.0,0.0
user_80,0.0,0.0,0.0,0.0,2.0,0.0,0.0,0.0,0.0,0.0,0.0,0.0,0.0,1.0,0.0,0.0,0.0,0.0,5.0,0.0,0.0,5.0
user_81,3.0,0.0,0.0,0.0,0.0,0.0,0.0,0.0,0.0,0.0,0.0,0.0,0.0,0.0,0.0,3.0,0.0,0.0,0.0,5.0,0.0,3.0
user_82,0.0,0.0,2.0,0.0,0.0,0.0,2.0,0.0,0.0,0.0,0.0,2.0,0.0,0.0,2.0,0.0,3.0,0.0,4.0,0.0,0.0,1.0
user_83,2.0,5.0,0.0,0.0,0.0,0.0,0.0,5.0,0.0,0.0,3.0,5.0,1.0,3.0,2.0,0.0,4.0,0.0,0.0,0.0,0.0,1.0
user_84,0.0,2.0,0.0,4.0,0.0,0.0,0.0,1.0,3.0,0.0,0.0,0.0,0.0,0.0,0.0,0.0,2.0,0.0,0.0,0.0,0.0,0.0
user_85,0.0,3.0,0.0,0.0,0.0,4.0,0.0,2.0,0.0,1.0,0.0,0.0,0.0,2.0,0.0,0.0,0.0,3.0,4.0,0.0,0.0,0.0
user_86,0.0,0.0,2.0,1.0,0.0,0.0,0.0,0.0,0.0,0.0,0.0,3.0,5.0,0.0,0.0,0.0,0.0,0.0,0.0,0.0,0.0,3.0
user_87,0.0,0.0,0.0,0.0,0.0,0.0,0.0,1.0,0.0,0.0,1.0,4.0,2.0,0.0,0.0,0.0,0.0,0.0,0.0,0.0,4.0,0.0
user_88,0.0,0.0,2.0,0.0,2.0,0.0,0.0,3.0,1.0,1.0,0.0,0.0,3.0,0.0,0.0,0.0,0.0,4.0,0.0,0.0,0.0,0.0
user_89,3.0,4.0,0.0,0.0,0.0,0.0,0.0,0.0,0.0,3.0,2.0,0.0,0.0,2.0,0.0,0.0,3.0,0.0,4.0,1.0,0.0,0.0
user_90,0.0,0.0,5.0,0.0,0.0,5.0,0.0,0.0,3.0,0.0,0.0,0.0,0.0,1.0,0.0,0.0,3.0,4.0,1.0,0.0,3.0,0.0
user_91,0.0,0.0,0.0,0.0,4.0,0.0,0.0,0.0,0.0,0.0,0.0,4.0,0.0,1.0,0.0,0.0,0.0,0.0,0.0,0.0,0.0,0.0
user_92,0.0,0.0,1.0,0.0,0.0,0.0,2.0,3.0,0.0,3.0,0.0,0.0,0.0,3.0,0.0,0.0,2.0,0.0,0.0,0.0,1.0,0.0
user_93,0.0,0.0,0.0,3.0,1.0,0.0,5.0,1.0,4.0,5.0,0.0,1.0,0.0,3.0,0.0,0.0,0.0,0.0,3.0,1.0,0.0,0.0
user_94,0.0,0.0,0.0,5.0,0.0,1.0,0.0,0.0,0.0,0.0,0.0,0.0,5.0,0.0,0.0,0.0,0.0,0.0,0.0,0.0,0.0,0.0
user_95,0.0,4.0,0.0,0.0,0.0,0.0,0.0,2.0,0.0,4.0,0.0,0.0,4.0,4.0,4.0,0.0,2.0,0.0,0.0,0.0,0.0,1.0
user_96,0.0,0.0,0.0,0.0,1.0,0.0,4.0,0.0,0.0,3.0,0.0,0.0,1.0,0.0,0.0,0.0,0.0,0.0,0.0,0.0,0.0,0.0
user_97,5.0,0.0,0.0,3.0,0.0,0.0,0.0,0.0,0.0,0.0,0.0,0.0,0.0,0.0,0.0,0.0,0.0,3.0,0.0,0.0,0.0,0.0
user_98,3.0,0.0,0.0,0.0,2.0,0.0,2.0,5.0,0.0,4.0,3.0,0.0,0.0,0.0,4.0,0.0,1.0,0.0,0.0,0.0,4.0,0.0
user_99,0.0,0.0,0.0,0.0,0.0,0.0,0.0,0.0,0.0,0.0,0.0,1.0,0.0,0.0,0.0,0.0,0.0,0.0,0.0,4.0,0.0,4.0
user_100,3.0,0.0,4.0,0.0,0.0,0.0,1.0,0.0,0.0,0.0,1.0,0.0,0.0,0.0,5.0,0.0,4.0,0.0,5.0,0.0,0.0,1.0
user_101,4.0,0.0,0.0,0.0,0.0,3.0,0.0,0.0,0.0,0.0,0.0,2.0,1.0,0.0,3.0,3.0,0.0,0.0,0.0,2.0,5.0,0.0
user_102,0.0,3.0,0.0,0.0,0.0,0.0,0.0,0.0,0.0,0.0,0.0,2.0,0.0,0.0,1.0,0.0,0.0,0.0,0.0,0.0,0.0,0.0
user_103,0.0,3.0,0.0,0.0,0.0,0.0,0.0,4.0,0.0,0.0,0.0,0.0,0.0,1.0,0.0,0.0,0.0,0.0,0.0,0.0,4.0,0.0
user_104,0.0,4.0,4.0,0.0,5.0,0.0,0.0,0.0,0.0,0.0,0.0,3.0,3.0,0.0,0.0,0.0,0.0,0.0,1.0,0.0,0.0,0.0
user_105,0.0,0.0,0.0,0.0,0.0,0.0,0.0,0.0,4.0,0.0,0.0,4.0,0.0,0.0,0.0,0.0,1.0,4.0,0.0,0.0,0.0,0.0
user_106,5.0,2.0,0.0,0.0,0.0,0.0,0.0,5.0,0.0,0.0,0.0,0.0,0.0,0.0,0.0,0.0,0.0,0.0,0.0,0.0,0.0,0.0
user_107,0.0,2.0,3.0,0.0,0.0,0.0,4.0,2.0,0.0,0.0,0.0,0.0,0.0,0.0,0.0,4.0,0.0,4.0,4.0,0.0,1.0,2.0
user_108,0.0,5.0,0.0,0.0,0.0,0.0,0.0,0.0,3.0,3.0,0.0,4.0,0.0,0.0,0.0,3.0,0.0,3.0,5.0,0.0,0.0,0.0
user_109,4.0,0.0,0.0,0.0,0.0,0.0,0.0,0.0,0.0,0.0,4.0,3.0,0.0,0.0,0.0,3.0,5.0,0.0,0.0,3.0,0.0,5.0
user_110,0.0,0.0,0.0,0.0,0.0,5.0,0.0,5.0,0.0,0.0,0.0,0.0,5.0,0.0,1.0,3.0,0.0,0.0,3.0,0.0,0.0,5.0
user_111,0.0,4.0,0.0,3.0,0.0,0.0,0.0,0.0,1.0,0.0,0.0,4.0,5.0,0.0,0.0,0.0,5.0,1.0,0.0,3.0,0.0,3.0
user_112,0.0,3.0,0.0,3.0,2.0,2.0,0.0,0.0,0.0,0.0,0.0,3.0,5.0,0.0,4.0,0.0,4.0,0.0,0.0,0.0,3.0,2.0
user_113,2.0,0.0,0.0,3.0,5.0,0.0,0.0,0.0,0.0,0.0,0.0,0.0,0.0,0.0,0.0,0.0,0.0,5.0,0.0,0.0,0.0,0.0
user_114,5.0,0.0,0.0,5.0,2.0,0.0,0.0,5.0,0.0,0.0,0.0,2.0,0.0,2.0,0.0,0.0,0.0,1.0,3.0,2.0,1.0,0.0
user_115,5.0,0.0,3.0,0.0,0.0,0.0,0.0,2.0,0.0,4.0,0.0,0.0,2.0,3.0,0.0,0.0,0.0,0.0,3.0,0.0,0.0,0.0
user_116,0.0,0.0,0.0,4.0,2.0,2.0,0.0,0.0,0.0,0.0,0.0,0.0,0.0,0.0,0.0,3.0,0.0,3.0,5.0,2.0,5.0,2.0
user_117,0.0,1.0,5.0,3.0,3.0,0.0,0.0,0.0,0.0,0.0,3.0,0.0,0.0,0.0,0.0,0.0,3.0,0.0,0.0,0.0,0.0,2.0
user_118,1.0,0.0,0.0,0.0,0.0,0.0,0.0,0.0,1.0,3.0,2.0,0.0,0.0,0.0,0.0,3.0,5.0,0.0,0.0,0.0,0.0,0.0
user_119,0.0,0.0,5.0,5.0,0.0,4.0,2.0,0.0,0.0,0.0,0.0,0.0,3.0,0.0,1.0,3.0,0.0,0.0,3.0,0.0,0.0,0.0
user_120,0.0,0.0,0.0,5.0,3.0,0.0,0.0,0.0,0.0,0.0,0.0,0.0,0.0,4.0,0.0,0.0,0.0,0.0,0.0,0.0,0.0,0.0
user_121,5.0,0.0,5.0,0.0,0.0,0.0,0.0,2.0,0.0,0.0,0.0,0.0,4.0,0.0,0.0,0.0,0.0,0.0,0.0,0.0,0.0,0.0
user_122,0.0,0.0,0.0,0.0,0.0,4.0,0.0,0.0,5.0,0.0,4.0,0.0,5.0,0.0,4.0,0.0,3.0,0.0,0.0,0.0,0.0,1.0
user_123,4.0,0.0,0.0,0.0,0.0,4.0,0.0,0.0,0.0,0.0,0.0,0.0,5.0,4.0,0.0,0.0,0.0,0.0,0.0,2.0,0.0,0.0
user_124,0.0,2.0,2.0,0.0,1.0,0.0,1.0,5.0,0.0,1.0,0.0,0.0,2.0,0.0,1.0,0.0,0.0,5.0,0.0,1.0,0.0,0.0
user_125,0.0,0.0,0.0,2.0,0.0,0.0,1.0,0.0,0.0,0.0,0.0,0.0,0.0,5.0,0.0,0.0,0.0,0.0,0.0,0.0,0.0,2.0
user_126,0.0,0.0,0.0,0.0,4.0,3.0,0.0,0.0,1.0,0.0,0.0,0.0,0.0,2.0,0.0,2.0,0.0,1.0,3.0,0.0,0.0,4.0
user_127,0.0,0.0,0.0,0.0,0.0,3.0,1.0,0.0,0.0,0.0,0.0,0.0,4.0,0.0,1.0,0.0,0.0,3.0,0.0,0.0,0.0,0.0
user_128,0.0,4.0,0.0,0.0,5.0,0.0,0.0,0.0,5.0,4.0,0.0,0.0,3.0,3.0,1.0,0.0,5.0,0.0,0.0,0.0,0.0,0.0
user_129,3.0,0.0,0.0,0.0,1.0,4.0,2.0,5.0,0.0,0.0,0.0,0.0,0.0,0.0,1.0,0.0,0.0,5.0,0.0,5.0,0.0,0.0
user_130,0.0,0.0,0.0,4.0,0.0,0.0,0.0,4.0,5.0,0.0,0.0,0.0,5.0,1.0,0.0,0.0,0.0,0.0,0.0,0.0,1.0,0.0
user_131,5.0,4.0,0.0,0.0,0.0,4.0,0.0,5.0,5.0,0.0,4.0,3.0,0.0,1.0,0.0,0.0,2.0,0.0,0.0,0.0,0.0,0.0
user_132,0.0,1.0,0.0,0.0,0.0,1.0,2.0,0.0,0.0,1.0,0.0,0.0,0.0,0.0,0.0,0.0,0.0,0.0,0.0,0.0,0.0,0.0
user_133,0.0,0.0,0.0,0.0,0.0,5.0,4.0,3.0,5.0,0.0,0.0,0.0,0.0,0.0,2.0,3.0,0.0,0.0,0.0,0.0,4.0,0.0
user_134,1.0,0.0,0.0,0.0,0.0,0.0,3.0,0.0,0.0,1.0,0.0,0.0,2.0,0.0,0.0,5.0,0.0,0.0,3.0,0.0,2.0,2.0
user_135,0.0,0.0,3.0,0.0,0.0,0.0,0.0,0.0,0.0,0.0,5.0,0.0,0.0,0.0,0.0,0.0,0.0,4.0,0.0,2.0,0.0,0.0
user_136,0.0,1.0,0.0,0.0,2.0,0.0,3.0,5.0,0.0,1.0,0.0,4.0,5.0,0.0,0.0,0.0,0.0,0.0,2.0,4.0,0.0,0.0
user_137,0.0,0.0,0.0,0.0,0.0,0.0,5.0,0.0,0.0,0.0,3.0,0.0,0.0,0.0,3.0,1.0,0.0,0.0,4.0,0.0,1.0,0.0
user_138,0.0,3.0,0.0,0.0,0.0,0.0,2.0,0.0,0.0,0.0,0.0,0.0,0.0,0.0,0.0,2.0,0.0,0.0,3.0,4.0,0.0,0.0
user_139,4.0,0.0,0.0,0.0,0.0,4.0,0.0,0.0,1.0,0.0,0.0,0.0,0.0,0.0,0.0,0.0,0.0,4.0,0.0,0.0,3.0,0.0
user_140,0.0,0.0,1.0,0.0,4.0,1.0,2.0,4.0,0.0,0.0,2.0,5.0,0.0,0.0,3.0,0.0,0.0,0.0,0.0,0.0,4.0,4.0
user_141,0.0,0.0,5.0,0.0,0.0,1.0,4.0,5.0,0.0,0.0,0.0,0.0,0.0,0.0,0.0,0.0,0.0,0.0,0.0,0.0,0.0,0.0
user_142,0.0,5.0,4.0,0.0,5.0,2.0,0.0,0.0,0.0,0.0,0.0,5.0,0.0,5.0,4.0,4.0,2.0,0.0,0.0,0.0,5.0,0.0
user_143,0.0,0.0,3.0,0.0,0.0,0.0,2.0,0.0,0.0,0.0,0.0,0.0,0.0,0.0,0.0,0.0,0.0,0.0,0.0,1.0,0.0,0.0
user_144,1.0,0.0,1.0,0.0,0.0,0.0,3.0,0.0,0.0,0.0,5.0,0.0,4.0,0.0,0.0,0.0,2.0,0.0,1.0,3.0,5.0,0.0
user_145,5.0,2.0,0.0,0.0,0.0,0.0,0.0,5.0,0.0,0.0,0.0,0.0,5.0,0.0,0.0,0.0,0.0,0.0,0.0,0.0,3.0,2.0
user_146,0.0,0.0,0.0,2.0,0.0,0.0,5.0,3.0,5.0,5.0,0.0,2.0,5.0,2.0,0.0,0.0,5.0,0.0,0.0,3.0,0.0,0.0
user_147,0.0,0.0,0.0,0.0,2.0,0.0,1.0,4.0,0.0,0.0,0.0,1.0,3.0,0.0,2.0,4.0,0.0,0.0,2.0,0.0,0.0,3.0
user_148,0.0,0.0,0.0,0.0,0.0,0.0,3.0,0.0,0.0,0.0,0.0,1.0,0.0,3.0,3.0,2.0,0.0,0.0,0.0,0.0,0.0,0.0
user_149,0.0,0.0,0.0,0.0,0.0,0.0,0.0,3.0,0.0,0.0,0.0,0.0,5.0,0.0,0.0,0.0,0.0,2.0,0.0,4.0,0.0,0.0
user_150,0.0,0.0,4.0,0.0,0.0,0.0,0.0,0.0,0.0,0.0,3.0,1.0,0.0,0.0,0.0,0.0,1.0,0.0,1.0,1.0,0.0,0.0
user_151,5.0,0.0,0.0,0.0,0.0,3.0,0.0,2.0,0.0,0.0,0.0,0.0,0.0,0.0,0.0,0.0,0.0,4.0,2.0,0.0,0.0,3.0
user_152,2.0,0.0,0.0,0.0,0.0,4.0,2.0,0.0,0.0,3.0,0.0,4.0,0.0,0.0,0.0,0.0,0.0,5.0,5.0,0.0,0.0,0.0
user_153,3.0,0.0,2.0,3.0,1.0,0.0,5.0,0.0,0.0,0.0,0.0,5.0,1.0,0.0,0.0,5.0,5.0,5.0,0.0,0.0,0.0,0.0
user_154,0.0,0.0,0.0,0.0,0.0,2.0,0.0,0.0,3.0,0.0,0.0,0.0,0.0,0.0,0.0,0.0,0.0,3.0,2.0,0.0,0.0,0.0
user_155,0.0,0.0,4.0,0.0,0.0,0.0,0.0,0.0,0.0,0.0,0.0,2.0,0.0,0.0,0.0,0.0,0.0,0.0,0.0,0.0,3.0,0.0
user_156,0.0,0.0,0.0,0.0,1.0,2.0,0.0,0.0,0.0,0.0,5.0,0.0,5.0,0.0,0.0,0.0,0.0,0.0,0.0,3.0,0.0,0.0
user_157,4.0,2.0,0.0,0.0,3.0,0.0,0.0,0.0,0.0,0.0,0.0,0.0,5.0,0.0,0.0,0.0,0.0,0.0,0.0,5.0,1.0,2.0
user_158,0.0,0.0,3.0,0.0,0.0,3.0,1.0,0.0,2.0,0.0,0.0,2.0,0.0,3.0,0.0,0.0,0.0,0.0,1.0,0.0,0.0,4.0
user_159,0.0,0.0,2.0,3.0,0.0,0.0,0.0,0.0,5.0,0.0,3.0,4.0,0.0,1.0,5.0,1.0,0.0,0.0,0.0,4.0,5.0,0.0
user_160,0.0,0.0,0.0,2.0,0.0,0.0,5.0,0.0,0.0,0.0,0.0,0.0,0.0,0.0,5.0,0.0,0.0,0.0,0.0,0.0,0.0,0.0
user_161,0.0,3.0,1.0,0.0,4.0,0.0,0.0,0.0,0.0,0.0,0.0,0.0,0.0,0.0,0.0,0.0,0.0,0.0,0.0,0.0,2.0,0.0
user_162,5.0,5.0,0.0,0.0,0.0,0.0,0.0,0.0,0.0,0.0,0.0,0.0,0.0,4.0,0.0,0.0,0.0,0.0,0.0,0.0,2.0,0.0
user_163,0.0,0.0,2.0,1.0,0.0,0.0,0.0,1.0,0.0,0.0,0.0,0.0,2.0,0.0,0.0,0.0,3.0,0.0,0.0,0.0,3.0,5.0
user_164,0.0,0.0,3.0,5.0,0.0,0.0,0.0,2.0,0.0,0.0,0.0,0.0,0.0,0.0,0.0,0.0,0.0,4.0,0.0,0.0,0.0,0.0
user_165,0.0,0.0,0.0,0.0,0.0,3.0,3.0,0.0,0.0,0.0,0.0,1.0,0.0,0.0,5.0,0.0,0.0,0.0,0.0,0.0,0.0,4.0
user_166,0.0,2.0,3.0,0.0,0.0,0.0,0.0,0.0,0.0,0.0,0.0,0.0,0.0,0.0,0.0,0.0,0.0,0.0,0.0,3.0,0.0,0.0
user_167,0.0,0.0,0.0,3.0,0.0,1.0,1.0,1.0,0.0,0.0,0.0,0.0,0.0,0.0,5.0,0.0,0.0,0.0,0.0,0.0,3.0,4.0
user_168,0.0,0.0,0.0,0.0,0.0,4.0,0.0,0.0,0.0,0.0,0.0,0.0,5.0,0.0,0.0,0.0,0.0,0.0,1.0,0.0,0.0,0.0
user_169,0.0,0.0,0.0,0.0,0.0,0.0,0.0,5.0,0.0,0.0,1.0,0.0,0.0,0.0,0.0,0.0,0.0,0.0,0.0,3.0,0.0,0.0
user_170,0.0,0.0,0.0,1.0,0.0,0.0,0.0,0.0,2.0,0.0,2.0,0.0,0.0,0.0,0.0,0.0,0.0,0.0,0.0,2.0,0.0,0.0
user_171,0.0,0.0,0.0,0.0,0.0,0.0,0.0,4.0,5.0,4.0,4.0,0.0,3.0,0.0,0.0,1.0,0.0,0.0,0.0,0.0,2.0,2.0
user_172,0.0,0.0,2.0,2.0,0.0,0.0,0.0,5.0,0.0,0.0,1.0,0.0,0.0,2.0,0.0,0.0,3.0,0.0,0.0,5.0,0.0,1.0
user_173,0.0,0.0,0.0,0.0,2.0,0.0,0.0,0.0,0.0,0.0,0.0,0.0,0.0,0.0,0.0,3.0,0.0,0.0,4.0,0.0,1.0,4.0
user_174,0.0,0.0,2.0,3.0,0.0,0.0,2.0,4.0,0.0,0.0,0.0,0.0,3.0,1.0,0.0,0.0,2.0,3.0,0.0,5.0,0.0,2.0
user_175,0.0,0.0,5.0,3.0,0.0,5.0,0.0,0.0,5.0,1.0,2.0,0.0,0.0,0.0,3.0,4.0,0.0,0.0,0.0,2.0,4.0,0.0
user_176,0.0,0.0,2.0,0.0,0.0,0.0,3.0,0.0,0.0,0.0,1.0,0.0,0.0,0.0,0.0,0.0,0.0,3.0,0.0,0.0,0.0,5.0
user_177,0.0,0.0,0.0,5.0,0.0,5.0,0.0,0.0,0.0,0.0,0.0,1.0,0.0,0.0,1.0,4.0,0.0,0.0,0.0,0.0,0.0,1.0
user_178,0.0,0.0,0.0,0.0,5.0,4.0,0.0,2.0,1.0,0.0,0.0,0.0,0.0,2.0,1.0,0.0,5.0,0.0,0.0,1.0,0.0,0.0
user_179,0.0,5.0,5.0,0.0,0.0,0.0,0.0,2.0,1.0,1.0,0.0,0.0,0.0,4.0,3.0,5.0,0.0,0.0,0.0,0.0,0.0,0.0
user_180,0.0,0.0,0.0,0.0,0.0,4.0,0.0,0.0,0.0,0.0,0.0,0.0,4.0,0.0,4.0,0.0,0.0,1.0,0.0,0.0,0.0,0.0
user_181,0.0,0.0,0.0,0.0,4.0,0.0,0.0,3.0,0.0,0.0,2.0,0.0,0.0,0.0,0.0,0.0,0.0,0.0,0.0,0.0,0.0,0.0
user_182,0.0,0.0,0.0,0.0,0.0,0.0,1.0,0.0,1.0,0.0,0.0,2.0,0.0,2.0,3.0,0.0,0.0,3.0,0.0,2.0,0.0,0.0
user_183,0.0,2.0,0.0,0.0,3.0,0.0,0.0,0.0,0.0,0.0,0.0,5.0,2.0,0.0,0.0,1.0,0.0,0.0,5.0,0.0,0.0,0.0
user_184,1.0,0.0,2.0,3.0,3.0,0.0,0.0,0.0,1.0,0.0,0.0,0.0,1.0,1.0,0.0,0.0,0.0,0.0,1.0,0.0,0.0,5.0
user_185,4.0,0.0,0.0,0.0,0.0,0.0,0.0,0.0,0.0,4.0,0.0,0.0,0.0,2.0,0.0,0.0,0.0,0.0,0.0,0.0,0.0,5.0
user_186,3.0,0.0,4.0,0.0,2.0,0.0,0.0,0.0,0.0,5.0,0.0,4.0,0.0,0.0,0.0,4.0,0.0,0.0,0.0,0.0,0.0,0.0
user_187,0.0,1.0,5.0,1.0,0.0,0.0,0.0,0.0,0.0,0.0,0.0,0.0,0.0,0.0,0.0,0.0,0.0,0.0,3.0,0.0,0.0,0.0
user_188,0.0,0.0,0.0,3.0,0.0,3.0,0.0,2.0,0.0,0.0,4.0,1.0,0.0,3.0,0.0,3.0,0.0,0.0,0.0,0.0,4.0,5.0
user_189,4.0,0.0,2.0,1.0,0.0,2.0,0.0,0.0,0.0,0.0,0.0,0.0,0.0,0.0,0.0,0.0,0.0,0.0,0.0,0.0,0.0,0.0
user_190,0.0,5.0,2.0,0.0,4.0,5.0,4.0,4.0,5.0,0.0,0.0,0.0,2.0,4.0,0.0,0.0,0.0,0.0,0.0,3.0,0.0,0.0
user_191,0.0,0.0,0.0,1.0,0.0,0.0,0.0,4.0,4.0,0.0,1.0,0.0,0.0,5.0,3.0,0.0,0.0,1.0,0.0,0.0,0.0,0.0
user_192,0.0,0.0,0.0,0.0,1.0,3.0,0.0,0.0,0.0,0.0,0.0,0.0,0.0,0.0,3.0,0.0,0.0,0.0,0.0,0.0,0.0,1.0
user_193,0.0,3.0,0.0,0.0,0.0,1.0,1.0,0.0,0.0,2.0,3.0,1.0,1.0,0.0,0.0,0.0,0.0,2.0,0.0,5.0,0.0,0.0
user_194,0.0,0.0,0.0,5.0,0.0,1.0,0.0,0.0,0.0,4.0,2.0,0.0,5.0,0.0,0.0,0.0,0.0,5.0,0.0,3.0,4.0,0.0
user_195,0.0,0.0,2.0,0.0,0.0,0.0,0.0,0.0,0.0,1.0,0.0,0.0,1.0,0.0,0.0,3.0,4.0,0.0,0.0,5.0,1.0,0.0
user_196,2.0,0.0,0.0,0.0,0.0,0.0,0.0,0.0,0.0,1.0,0.0,3.0,3.0,4.0,0.0,1.0,2.0,2.0,2.0,0.0,3.0,0.0
user_197,0.0,1.0,0.0,0.0,3.0,0.0,5.0,0.0,0.0,0.0,0.0,0.0,0.0,1.0,1.0,0.0,0.0,0.0,0.0,0.0,4.0,0.0
user_198,0.0,2.0,0.0,0.0,3.0,0.0,0.0,1.0,5.0,0.0,0.0,2.0,0.0,0.0,4.0,0.0,5.0,0.0,0.0,5.0,0.0,2.0
user_199,3.0,3.0,2.0,3.0,0.0,0.0,0.0,0.0,0.0,0.0,1.0,0.0,0.0,0.0,0.0,0.0,4.0,4.0,0.0,3.0,3.0,3.0
user_200,0.0,2.0,0.0,0.0,0.0,0.0,0.0,0.0,0.0,4.0,0.0,0.0,0.0,0.0,0.0,0.0,3.0,0.0,0.0,0.0,0.0,2.0
user_201,0.0,0.0,3.0,2.0,0.0,2.0,0.0,0.0,0.0,0.0,2.0,0.0,0.0,0.0,0.0,0.0,0.0,0.0,5.0,0.0,3.0,0.0
user_202,0.0,0.0,0.0,0.0,0.0,0.0,0.0,0.0,3.0,0.0,0.0,0.0,0.0,0.0,0.0,2.0,0.0,0.0,0.0,0.0,2.0,0.0
user_203,0.0,0.0,4.0,3.0,0.0,0.0,0.0,4.0,0.0,0.0,0.0,0.0,0.0,2.0,0.0,0.0,4.0,0.0,0.0,0.0,2.0,1.0
user_204,0.0,0.0,2.0,5.0,0.0,0.0,0.0,2.0,2.0,2.0,0.0,0.0,0.0,0.0,0.0,5.0,0.0,0.0,1.0,0.0,0.0,0.0
user_205,0.0,0.0,1.0,2.0,0.0,0.0,0.0,0.0,0.0,0.0,0.0,0.0,1.0,1.0,1.0,1.0,5.0,0.0,4.0,0.0,0.0,4.0
user_206,0.0,4.0,0.0,0.0,0.0,0.0,4.0,1.0,0.0,0.0,5.0,0.0,0.0,0.0,0.0,0.0,4.0,1.0,0.0,0.0,0.0,0.0
user_207,0.0,0.0,0.0,4.0,0.0,1.0,0.0,0.0,4.0,0.0,0.0,0.0,0.0,0.0,0.0,5.0,0.0,0.0,0.0,0.0,0.0,0.0
user_208,0.0,0.0,0.0,0.0,0.0,1.0,0.0,0.0,0.0,1.0,2.0,0.0,3.0,0.0,3.0,5.0,2.0,0.0,0.0,0.0,0.0,0.0
user_209,0.0,0.0,0.0,0.0,5.0,0.0,0.0,5.0,0.0,1.0,0.0,0.0,1.0,0.0,0.0,1.0,0.0,3.0,0.0,0.0,0.0,0.0
user_210,0.0,5.0,2.0,0.0,0.0,0.0,0.0,3.0,2.0,4.0,4.0,0.0,3.0,2.0,0.0,0.0,0.0,5.0,0.0,5.0,0.0,0.0
user_211,0.0,0.0,0.0,0.0,0.0,4.0,0.0,2.0,0.0,5.0,1.0,0.0,4.0,0.0,0.0,0.0,2.0,0.0,3.0,0.0,0.0,0.0
user_212,0.0,0.0,1.0,0.0,0.0,2.0,0.0,5.0,0.0,0.0,0.0,0.0,4.0,0.0,3.0,3.0,0.0,1.0,0.0,0.0,0.0,0.0
user_213,0.0,0.0,0.0,0.0,0.0,0.0,0.0,0.0,0.0,3.0,4.0,2.0,0.0,5.0,5.0,1.0,1.0,0.0,0.0,0.0,3.0,4.0
user_214,0.0,0.0,3.0,0.0,3.0,4.0,4.0,0.0,0.0,0.0,0.0,0.0,1.0,4.0,4.0,0.0,0.0,0.0,0.0,0.0,3.0,3.0
user_215,1.0,3.0,0.0,2.0,5.0,0.0,0.0,0.0,0.0,0.0,0.0,4.0,1.0,0.0,0.0,0.0,1.0,4.0,1.0,0.0,0.0,4.0
user_216,0.0,0.0,0.0,0.0,0.0,0.0,0.0,3.0,2.0,0.0,0.0,0.0,5.0,0.0,0.0,0.0,0.0,0.0,0.0,0.0,0.0,0.0
user_217,0.0,4.0,0.0,3.0,0.0,0.0,3.0,5.0,3.0,0.0,0.0,0.0,0.0,0.0,0.0,0.0,2.0,0.0,3.0,2.0,3.0,0.0
user_218,4.0,0.0,0.0,3.0,3.0,1.0,0.0,2.0,0.0,0.0,0.0,0.0,3.0,1.0,0.0,0.0,0.0,1.0,3.0,0.0,0.0,0.0
user_219,0.0,2.0,1.0,0.0,0.0,0.0,0.0,0.0,5.0,0.0,0.0,0.0,0.0,1.0,0.0,0.0,5.0,3.0,0.0,2.0,4.0,0.0
user_220,0.0,3.0,0.0,0.0,0.0,0.0,1.0,2.0,0.0,0.0,0.0,0.0,0.0,4.0,0.0,0.0,0.0,0.0,0.0,4.0,0.0,0.0
user_221,0.0,0.0,0.0,1.0,0.0,0.0,0.0,0.0,0.0,0.0,0.0,0.0,0.0,0.0,0.0,0.0,4.0,0.0,0.0,0.0,3.0,0.0
user_222,0.0,0.0,0.0,0.0,0.0,2.0,0.0,0.0,0.0,0.0,0.0,2.0,4.0,0.0,5.0,0.0,0.0,5.0,0.0,0.0,0.0,0.0
user_223,1.0,0.0,0.0,0.0,2.0,0.0,0.0,5.0,0.0,0.0,3.0,0.0,0.0,0.0,0.0,0.0,0.0,2.0,0.0,0.0,0.0,0.0
user_224,0.0,0.0,0.0,0.0,3.0,0.0,3.0,0.0,2.0,5.0,0.0,0.0,0.0,0.0,5.0,1.0,4.0,0.0,0.0,0.0,3.0,5.0
user_225,0.0,0.0,2.0,0.0,0.0,0.0,0.0,0.0,4.0,0.0,0.0,0.0,2.0,0.0,3.0,0.0,0.0,0.0,0.0,0.0,0.0,4.0
user_226,1.0,0.0,0.0,0.0,0.0,0.0,0.0,0.0,1.0,0.0,0.0,1.0,0.0,0.0,0.0,0.0,0.0,0.0,5.0,0.0,0.0,0.0
user_227,0.0,0.0,0.0,0.0,0.0,3.0,2.0,1.0,2.0,0.0,0.0,0.0,0.0,0.0,0.0,0.0,0.0,2.0,0.0,5.0,0.0,0.0
user_228,0.0,4.0,0.0,0.0,0.0,0.0,4.0,0.0,0.0,0.0,0.0,0.0,0.0,0.0,0.0,4.0,0.0,0.0,4.0,0.0,0.0,0.0
user_229,0.0,0.0,4.0,0.0,0.0,0.0,0.0,0.0,0.0,0.0,0.0,3.0,0.0,0.0,0.0,3.0,0.0,0.0,0.0,0.0,0.0,0.0
user_230,1.0,0.0,4.0,0.0,3.0,0.0,0.0,0.0,0.0,0.0,4.0,1.0,5.0,0.0,0.0,0.0,0.0,5.0,0.0,2.0,1.0,1.0
user_231,0.0,1.0,0.0,0.0,3.0,0.0,0.0,0.0,0.0,0.0,1.0,4.0,0.0,0.0,0.0,0.0,0.0,0.0,2.0,0.0,2.0,5.0
user_232,0.0,0.0,3.0,0.0,4.0,3.0,0.0,1.0,0.0,0.0,0.0,0.0,4.0,0.0,0.0,0.0,0.0,0.0,0.0,0.0,0.0,0.0
user_233,0.0,4.0,0.0,1.0,3.0,0.0,1.0,5.0,0.0,0.0,2.0,5.0,0.0,0.0,0.0,0.0,0.0,0.0,0.0,2.0,2.0,0.0
user_234,0.0,0.0,0.0,0.0,0.0,5.0,0.0,0.0,0.0,1.0,1.0,0.0,5.0,5.0,0.0,1.0,0.0,0.0,3.0,0.0,2.0,0.0
user_235,0.0,0.0,2.0,1.0,0.0,0.0,5.0,1.0,3.0,5.0,4.0,0.0,0.0,0.0,0.0,5.0,0.0,4.0,0.0,0.0,2.0,0.0
user_236,0.0,0.0,0.0,2.0,0.0,2.0,0.0,0.0,0.0,1.0,0.0,0.0,0.0,3.0,4.0,0.0,4.0,0.0,4.0,0.0,0.0,0.0
user_237,0.0,0.0,0.0,2.0,0.0,4.0,2.0,0.0,0.0,0.0,0.0,0.0,0.0,0.0,0.0,0.0,3.0,2.0,0.0,0.0,0.0,0.0
user_238,0.0,5.0,0.0,4.0,0.0,4.0,3.0,0.0,0.0,3.0,0.0,4.0,5.0,0.0,0.0,0.0,1.0,4.0,0.0,0.0,0.0,4.0
user_239,0.0,0.0,0.0,2.0,1.0,0.0,0.0,0.0,4.0,3.0,4.0,2.0,0.0,0.0,0.0,0.0,0.0,0.0,0.0,5.0,0.0,0.0
user_240,3.0,3.0,0.0,1.0,0.0,0.0,0.0,0.0,0.0,0.0,1.0,0.0,5.0,0.0,4.0,0.0,0.0,0.0,0.0,0.0,0.0,0.0
user_241,4.0,2.0,2.0,0.0,0.0,3.0,0.0,0.0,0.0,0.0,0.0,0.0,4.0,0.0,0.0,0.0,0.0,0.0,1.0,0.0,0.0,0.0
user_242,0.0,0.0,3.0,3.0,0.0,0.0,0.0,0.0,0.0,0.0,0.0,3.0,5.0,0.0,2.0,0.0,0.0,0.0,0.0,0.0,5.0,0.0
user_243,0.0,0.0,3.0,0.0,0.0,0.0,0.0,4.0,0.0,0.0,0.0,0.0,0.0,0.0,0.0,0.0,0.0,0.0,0.0,5.0,0.0,0.0
user_244,0.0,0.0,0.0,0.0,0.0,0.0,0.0,0.0,0.0,0.0,1.0,0.0,0.0,0.0,0.0,3.0,0.0,2.0,0.0,0.0,0.0,0.0
user_245,0.0,4.0,5.0,0.0,0.0,0.0,0.0,0.0,0.0,2.0,3.0,4.0,2.0,3.0,2.0,2.0,0.0,0.0,0.0,0.0,0.0,0.0
user_246,2.0,0.0,0.0,0.0,0.0,0.0,0.0,0.0,0.0,0.0,3.0,4.0,0.0,4.0,0.0,5.0,0.0,3.0,3.0,0.0,0.0,0.0
user_247,0.0,0.0,4.0,0.0,4.0,0.0,2.0,0.0,0.0,4.0,0.0,0.0,2.0,4.0,0.0,0.0,0.0,0.0,3.0,0.0,0.0,1.0
user_248,0.0,0.0,5.0,0.0,0.0,0.0,0.0,0.0,0.0,0.0,2.0,0.0,1.0,2.0,0.0,0.0,0.0,1.0,0.0,0.0,1.0,5.0
user_249,0.0,0.0,1.0,0.0,2.0,0.0,3.0,3.0,4.0,0.0,0.0,0.0,0.0,0.0,3.0,0.0,3.0,0.0,5.0,0.0,0.0,0.0
user_250,0.0,2.0,0.0,1.0,0.0,2.0,0.0,2.0,0.0,0.0,0.0,0.0,2.0,3.0,0.0,1.0,4.0,0.0,2.0,0.0,0.0,0.0
user_251,0.0,4.0,5.0,0.0,0.0,0.0,0.0,0.0,1.0,0.0,0.0,3.0,0.0,0.0,0.0,3.0,0.0,4.0,3.0,0.0,0.0,3.0
user_252,0.0,0.0,0.0,0.0,0.0,0.0,0.0,0.0,0.0,2.0,0.0,2.0,4.0,0.0,4.0,0.0,0.0,0.0,0.0,0.0,0.0,0.0
user_253,3.0,4.0,0.0,0.0,0.0,1.0,0.0,0.0,3.0,5.0,0.0,0.0,0.0,0.0,1.0,0.0,2.0,0.0,0.0,0.0,0.0,0.0
user_254,1.0,0.0,4.0,0.0,0.0,0.0,0.0,0.0,0.0,0.0,0.0,0.0,0.0,0.0,0.0,2.0,0.0,4.0,0.0,2.0,0.0,0.0
user_255,0.0,0.0,0.0,0.0,0.0,5.0,0.0,2.0,0.0,0.0,0.0,0.0,0.0,0.0,0.0,1.0,0.0,0.0,5.0,0.0,0.0,0.0
user_256,2.0,2.0,1.0,4.0,0.0,0.0,0.0,0.0,2.0,4.0,4.0,0.0,4.0,4.0,0.0,0.0,0.0,0.0,0.0,0.0,0.0,0.0
user_257,0.0,0.0,0.0,0.0,0.0,0.0,0.0,5.0,0.0,0.0,0.0,0.0,0.0,2.0,0.0,0.0,0.0,0.0,0.0,0.0,0.0,1.0
user_258,0.0,0.0,0.0,0.0,0.0,0.0,0.0,0.0,1.0,5.0,3.0,0.0,2.0,0.0,0.0,0.0,0.0,0.0,0.0,1.0,0.0,0.0
user_259,0.0,0.0,3.0,0.0,0.0,0.0,0.0,0.0,0.0,0.0,0.0,2.0,1.0,0.0,0.0,0.0,0.0,0.0,0.0,1.0,0.0,0.0
user_260,2.0,0.0,0.0,0.0,0.0,0.0,1.0,0.0,1.0,0.0,0.0,3.0,0.0,0.0,0.0,2.0,0.0,0.0,0.0,5.0,0.0,3.0
user_261,0.0,3.0,2.0,1.0,0.0,3.0,0.0,0.0,0.0,0.0,3.0,0.0,5.0,0.0,0.0,0.0,0.0,0.0,0.0,5.0,0.0,1.0
user_262,0.0,0.0,0.0,5.0,4.0,0.0,0.0,0.0,4.0,3.0,4.0,0.0,0.0,0.0,2.0,0.0,0.0,3.0,0.0,0.0,0.0,0.0
user_263,2.0,4.0,0.0,0.0,4.0,4.0,1.0,0.0,0.0,4.0,0.0,0.0,0.0,0.0,0.0,0.0,0.0,0.0,2.0,0.0,0.0,2.0
user_264,0.0,3.0,0.0,0.0,0.0,4.0,5.0,0.0,0.0,5.0,0.0,0.0,0.0,0.0,0.0,2.0,5.0,0.0,0.0,0.0,4.0,0.0
user_265,0.0,0.0,4.0,0.0,0.0,0.0,0.0,0.0,0.0,0.0,0.0,0.0,0.0,0.0,4.0,0.0,4.0,0.0,5.0,0.0,0.0,0.0
user_266,0.0,0.0,3.0,3.0,0.0,5.0,0.0,5.0,5.0,0.0,0.0,3.0,0.0,0.0,4.0,5.0,4.0,0.0,0.0,0.0,1.0,0.0
user_267,3.0,0.0,0.0,0.0,3.0,0.0,2.0,0.0,0.0,0.0,0.0,1.0,5.0,0.0,0.0,0.0,0.0,0.0,3.0,0.0,0.0,0.0
user_268,2.0,0.0,0.0,0.0,0.0,0.0,0.0,2.0,0.0,1.0,1.0,0.0,0.0,0.0,0.0,0.0,5.0,3.0,2.0,1.0,0.0,0.0
user_269,0.0,0.0,1.0,0.0,0.0,0.0,0.0,0.0,0.0,4.0,3.0,0.0,0.0,4.0,0.0,0.0,0.0,0.0,0.0,3.0,3.0,0.0
user_270,2.0,0.0,0.0,0.0,0.0,1.0,0.0,5.0,4.0,0.0,0.0,0.0,3.0,0.0,0.0,0.0,3.0,0.0,2.0,3.0,0.0,0.0
user_271,4.0,0.0,0.0,0.0,1.0,1.0,0.0,0.0,0.0,0.0,0.0,0.0,0.0,0.0,1.0,3.0,2.0,0.0,0.0,0.0,0.0,3.0
user_272,0.0,0.0,4.0,1.0,0.0,0.0,0.0,4.0,0.0,0.0,0.0,0.0,2.0,4.0,2.0,0.0,0.0,0.0,0.0,0.0,0.0,0.0
user_273,0.0,0.0,0.0,0.0,3.0,0.0,1.0,0.0,0.0,0.0,1.0,5.0,1.0,0.0,0.0,1.0,0.0,0.0,4.0,0.0,0.0,3.0
user_274,0.0,0.0,0.0,0.0,3.0,0.0,0.0,0.0,0.0,0.0,2.0,0.0,0.0,0.0,0.0,5.0,0.0,0.0,0.0,0.0,0.0,0.0
user_275,1.0,0.0,0.0,0.0,0.0,0.0,0.0,0.0,0.0,2.0,0.0,0.0,0.0,0.0,0.0,4.0,0.0,0.0,0.0,0.0,0.0,0.0
user_276,2.0,3.0,0.0,4.0,1.0,0.0,2.0,3.0,0.0,3.0,0.0,0.0,0.0,0.0,1.0,0.0,0.0,0.0,2.0,5.0,0.0,0.0
user_277,0.0,0.0,0.0,0.0,4.0,4.0,0.0,3.0,0.0,3.0,1.0,0.0,2.0,0.0,0.0,0.0,0.0,1.0,1.0,0.0,0.0,0.0
user_278,0.0,0.0,1.0,4.0,0.0,4.0,0.0,4.0,0.0,0.0,0.0,0.0,0.0,0.0,0.0,4.0,0.0,0.0,0.0,1.0,0.0,5.0
user_279,1.0,0.0,3.0,0.0,0.0,4.0,0.0,0.0,3.0,0.0,3.0,0.0,0.0,1.0,0.0,0.0,4.0,0.0,0.0,0.0,4.0,3.0
user_280,0.0,0.0,0.0,0.0,0.0,1.0,2.0,0.0,0.0,0.0,0.0,0.0,0.0,0.0,0.0,0.0,0.0,5.0,0.0,0.0,0.0,0.0
user_281,0.0,0.0,0.0,0.0,4.0,0.0,0.0,3.0,0.0,0.0,5.0,1.0,0.0,0.0,2.0,0.0,0.0,0.0,3.0,0.0,0.0,0.0
user_282,3.0,3.0,0.0,4.0,2.0,2.0,0.0,0.0,1.0,0.0,0.0,0.0,2.0,0.0,0.0,0.0,0.0,4.0,0.0,1.0,2.0,0.0
user_283,3.0,0.0,0.0,2.0,0.0,0.0,4.0,3.0,1.0,0.0,0.0,0.0,1.0,0.0,0.0,4.0,0.0,2.0,0.0,0.0,5.0,3.0
user_284,3.0,0.0,0.0,3.0,0.0,0.0,0.0,0.0,5.0,0.0,0.0,0.0,1.0,0.0,0.0,0.0,0.0,0.0,0.0,0.0,0.0,0.0
user_285,0.0,0.0,0.0,0.0,0.0,5.0,0.0,0.0,0.0,0.0,0.0,0.0,0.0,0.0,0.0,0.0,2.0,0.0,0.0,0.0,2.0,0.0
user_286,2.0,4.0,3.0,2.0,0.0,0.0,0.0,0.0,0.0,2.0,0.0,0.0,0.0,2.0,0.0,0.0,2.0,3.0,0.0,0.0,0.0,0.0
user_287,5.0,0.0,0.0,1.0,0.0,0.0,0.0,0.0,0.0,0.0,0.0,0.0,0.0,0.0,5.0,0.0,0.0,0.0,0.0,0.0,0.0,0.0
user_288,0.0,0.0,0.0,4.0,0.0,3.0,0.0,0.0,0.0,0.0,5.0,3.0,0.0,0.0,0.0,1.0,0.0,0.0,0.0,0.0,0.0,0.0
user_289,1.0,0.0,0.0,3.0,5.0,0.0,0.0,0.0,0.0,2.0,2.0,3.0,5.0,0.0,1.0,0.0,0.0,0.0,5.0,0.0,2.0,0.0
user_290,4.0,0.0,5.0,0.0,0.0,0.0,0.0,0.0,5.0,3.0,0.0,2.0,3.0,0.0,1.0,3.0,0.0,0.0,0.0,0.0,2.0,1.0
user_291,0.0,0.0,0.0,0.0,1.0,0.0,1.0,1.0,0.0,4.0,0.0,4.0,0.0,0.0,3.0,0.0,0.0,5.0,0.0,0.0,0.0,4.0
user_292,0.0,0.0,0.0,5.0,0.0,0.0,0.0,0.0,0.0,0.0,3.0,0.0,0.0,0.0,0.0,0.0,0.0,4.0,0.0,0.0,0.0,0.0
user_293,0.0,0.0,0.0,0.0,2.0,0.0,0.0,4.0,0.0,0.0,5.0,3.0,0.0,0.0,5.0,3.0,0.0,0.0,0.0,0.0,4.0,2.0
user_294,0.0,3.0,5.0,0.0,0.0,0.0,1.0,2.0,0.0,0.0,0.0,0.0,5.0,4.0,1.0,0.0,2.0,0.0,4.0,0.0,1.0,0.0
user_295,0.0,0.0,0.0,1.0,0.0,0.0,1.0,3.0,0.0,0.0,0.0,0.0,0.0,0.0,2.0,0.0,4.0,4.0,0.0,3.0,0.0,0.0
user_296,0.0,0.0,0.0,5.0,0.0,2.0,0.0,0.0,0.0,2.0,0.0,0.0,0.0,0.0,0.0,0.0,4.0,0.0,0.0,0.0,0.0,3.0
user_297,0.0,0.0,2.0,3.0,3.0,0.0,0.0,0.0,0.0,2.0,2.0,4.0,0.0,4.0,0.0,0.0,0.0,0.0,0.0,0.0,2.0,1.0
user_298,3.0,0.0,3.0,0.0,4.0,0.0,0.0,0.0,0.0,0.0,0.0,4.0,0.0,5.0,0.0,0.0,3.0,4.0,2.0,0.0,2.0,0.0
user_299,0.0,0.0,0.0,0.0,0.0,5.0,3.0,3.0,5.0,0.0,0.0,0.0,2.0,0.0,0.0,0.0,2.0,0.0,0.0,0.0,3.0,0.0
user_300,0.0,0.0,0.0,3.0,0.0,0.0,0.0,4.0,0.0,0.0,0.0,0.0,3.0,0.0,0.0,0.0,0.0,0.0,0.0,0.0,0.0,0.0
user_301,0.0,4.0,0.0,3.0,0.0,0.0,5.0,0.0,0.0,0.0,0.0,0.0,0.0,0.0,3.0,0.0,2.0,2.0,0.0,1.0,0.0,0.0
user_302,0.0,0.0,0.0,0.0,0.0,4.0,0.0,1.0,0.0,0.0,0.0,0.0,0.0,0.0,0.0,0.0,3.0,0.0,3.0,0.0,4.0,5.0
user_303,0.0,0.0,5.0,1.0,5.0,5.0,0.0,2.0,3.0,0.0,0.0,1.0,1.0,0.0,0.0,0.0,0.0,0.0,1.0,5.0,0.0,0.0
user_304,0.0,0.0,4.0,1.0,0.0,4.0,0.0,0.0,5.0,0.0,5.0,0.0,4.0,0.0,5.0,0.0,0.0,0.0,2.0,0.0,1.0,0.0
user_305,0.0,1.0,2.0,0.0,0.0,5.0,0.0,0.0,2.0,4.0,3.0,0.0,0.0,0.0,0.0,2.0,0.0,0.0,0.0,4.0,4.0,5.0
user_306,0.0,0.0,2.0,0.0,0.0,5.0,3.0,3.0,0.0,0.0,0.0,0.0,0.0,5.0,0.0,0.0,0.0,2.0,2.0,3.0,2.0,0.0
user_307,0.0,2.0,4.0,0.0,0.0,5.0,3.0,0.0,5.0,0.0,0.0,0.0,0.0,0.0,3.0,0.0,0.0,0.0,0.0,0.0,0.0,4.0
user_308,0.0,0.0,0.0,0.0,5.0,0.0,0.0,0.0,0.0,1.0,0.0,0.0,0.0,0.0,0.0,0.0,0.0,0.0,0.0,5.0,0.0,0.0
user_309,1.0,0.0,0.0,4.0,0.0,0.0,1.0,0.0,3.0,0.0,0.0,0.0,0.0,5.0,5.0,0.0,1.0,0.0,0.0,0.0,3.0,4.0
user_310,0.0,0.0,0.0,0.0,0.0,0.0,0.0,0.0,2.0,0.0,0.0,5.0,3.0,0.0,0.0,0.0,0.0,0.0,0.0,1.0,0.0,0.0
user_311,0.0,2.0,0.0,0.0,0.0,0.0,0.0,0.0,0.0,0.0,5.0,0.0,0.0,0.0,5.0,5.0,0.0,2.0,4.0,0.0,4.0,0.0
user_312,0.0,2.0,4.0,0.0,0.0,0.0,5.0,0.0,5.0,0.0,0.0,1.0,0.0,4.0,0.0,0.0,4.0,0.0,5.0,0.0,0.0,0.0
user_313,0.0,0.0,0.0,3.0,0.0,1.0,0.0,4.0,0.0,1.0,5.0,0.0,4.0,0.0,3.0,0.0,0.0,1.0,1.0,0.0,0.0,0.0
user_314,0.0,0.0,0.0,0.0,0.0,0.0,0.0,3.0,0.0,0.0,0.0,0.0,0.0,4.0,0.0,0.0,0.0,0.0,1.0,0.0,2.0,0.0
user_315,0.0,1.0,0.0,0.0,0.0,0.0,0.0,0.0,2.0,0.0,0.0,2.0,0.0,0.0,0.0,0.0,0.0,0.0,0.0,0.0,0.0,0.0
user_316,0.0,1.0,0.0,0.0,0.0,0.0,5.0,2.0,5.0,0.0,1.0,1.0,0.0,0.0,0.0,0.0,0.0,0.0,0.0,0.0,0.0,0.0
user_317,4.0,0.0,0.0,0.0,0.0,0.0,4.0,0.0,0.0,0.0,2.0,0.0,0.0,0.0,1.0,0.0,0.0,0.0,0.0,0.0,0.0,0.0
user_318,0.0,0.0,0.0,0.0,0.0,0.0,0.0,0.0,0.0,0.0,0.0,0.0,2.0,0.0,0.0,0.0,0.0,1.0,0.0,4.0,0.0,0.0
user_319,0.0,0.0,0.0,5.0,4.0,0.0,0.0,0.0,0.0,2.0,0.0,0.0,0.0,1.0,4.0,0.0,3.0,0.0,0.0,4.0,5.0,0.0
user_320,4.0,0.0,4.0,0.0,0.0,0.0,4.0,0.0,1.0,1.0,0.0,0.0,2.0,0.0,0.0,0.0,5.0,0.0,0.0,4.0,3.0,4.0
user_321,0.0,4.0,0.0,1.0,0.0,5.0,0.0,0.0,0.0,0.0,0.0,0.0,5.0,4.0,0.0,3.0,1.0,5.0,0.0,1.0,0.0,0.0
user_322,0.0,0.0,3.0,0.0,1.0,1.0,0.0,0.0,5.0,0.0,3.0,2.0,0.0,0.0,0.0,0.0,1.0,0.0,3.0,0.0,4.0,0.0
user_323,0.0,0.0,4.0,0.0,1.0,0.0,0.0,0.0,0.0,0.0,0.0,0.0,0.0,0.0,0.0,3.0,4.0,0.0,0.0,2.0,0.0,0.0
user_324,3.0,0.0,0.0,0.0,0.0,0.0,5.0,1.0,0.0,0.0,0.0,4.0,2.0,0.0,2.0,4.0,0.0,5.0,2.0,0.0,0.0,3.0
user_325,0.0,3.0,1.0,1.0,2.0,0.0,0.0,0.0,0.0,1.0,0.0,0.0,1.0,0.0,0.0,0.0,0.0,2.0,0.0,0.0,0.0,0.0
user_326,2.0,0.0,0.0,0.0,1.0,5.0,2.0,5.0,0.0,2.0,0.0,0.0,0.0,3.0,0.0,0.0,0.0,0.0,3.0,0.0,0.0,3.0
user_327,0.0,0.0,0.0,0.0,0.0,0.0,0.0,0.0,0.0,0.0,0.0,1.0,0.0,5.0,0.0,0.0,0.0,0.0,0.0,4.0,0.0,0.0
user_328,1.0,0.0,0.0,5.0,0.0,0.0,0.0,0.0,0.0,0.0,0.0,0.0,0.0,0.0,0.0,0.0,3.0,2.0,5.0,0.0,0.0,0.0
user_329,2.0,0.0,0.0,0.0,3.0,0.0,0.0,0.0,0.0,0.0,0.0,0.0,0.0,0.0,0.0,0.0,0.0,0.0,0.0,0.0,3.0,0.0
user_330,0.0,0.0,0.0,0.0,0.0,0.0,0.0,0.0,0.0,0.0,3.0,1.0,0.0,0.0,0.0,0.0,0.0,2.0,0.0,3.0,0.0,0.0
user_331,0.0,0.0,0.0,0.0,0.0,0.0,0.0,0.0,0.0,0.0,0.0,0.0,0.0,0.0,0.0,0.0,5.0,0.0,0.0,4.0,0.0,5.0
user_332,0.0,2.0,0.0,0.0,1.0,4.0,0.0,0.0,0.0,0.0,0.0,1.0,0.0,0.0,0.0,0.0,0.0,0.0,0.0,0.0,1.0,0.0
user_333,2.0,0.0,0.0,0.0,0.0,5.0,0.0,0.0,1.0,0.0,2.0,0.0,0.0,2.0,4.0,0.0,0.0,2.0,3.0,0.0,1.0,2.0
user_334,0.0,0.0,4.0,3.0,0.0,0.0,1.0,0.0,0.0,0.0,0.0,0.0,0.0,4.0,2.0,0.0,5.0,5.0,0.0,0.0,5.0,0.0
user_335,3.0,0.0,2.0,3.0,2.0,0.0,0.0,0.0,0.0,0.0,0.0,0.0,0.0,0.0,0.0,0.0,0.0,0.0,0.0,0.0,0.0,0.0
user_336,0.0,4.0,0.0,0.0,0.0,0.0,4.0,0.0,4.0,0.0,5.0,0.0,4.0,0.0,4.0,5.0,0.0,2.0,0.0,0.0,2.0,4.0
user_337,0.0,2.0,0.0,0.0,2.0,0.0,0.0,0.0,0.0,0.0,0.0,0.0,0.0,0.0,0.0,3.0,0.0,0.0,0.0,0.0,0.0,0.0
user_338,0.0,0.0,0.0,0.0,0.0,5.0,0.0,5.0,0.0,0.0,2.0,0.0,0.0,1.0,0.0,0.0,0.0,0.0,0.0,0.0,3.0,5.0
user_339,0.0,0.0,4.0,3.0,0.0,0.0,0.0,0.0,3.0,0.0,0.0,3.0,0.0,2.0,5.0,0.0,0.0,0.0,0.0,0.0,5.0,0.0
user_340,2.0,0.0,0.0,2.0,0.0,0.0,1.0,1.0,1.0,0.0,0.0,4.0,0.0,0.0,0.0,0.0,0.0,0.0,0.0,0.0,0.0,0.0
user_341,0.0,0.0,0.0,4.0,0.0,5.0,0.0,0.0,4.0,2.0,5.0,0.0,0.0,0.0,0.0,1.0,3.0,0.0,0.0,1.0,0.0,0.0
user_342,0.0,0.0,3.0,0.0,0.0,0.0,0.0,0.0,0.0,4.0,3.0,0.0,0.0,0.0,0.0,0.0,0.0,0.0,0.0,0.0,0.0,0.0
user_343,0.0,0.0,0.0,0.0,2.0,0.0,5.0,0.0,0.0,0.0,0.0,3.0,0.0,0.0,0.0,0.0,0.0,0.0,0.0,0.0,0.0,0.0
user_344,0.0,0.0,0.0,0.0,0.0,4.0,0.0,4.0,0.0,0.0,1.0,0.0,0.0,0.0,0.0,0.0,0.0,3.0,5.0,0.0,0.0,0.0
user_345,0.0,0.0,0.0,2.0,0.0,0.0,2.0,0.0,0.0,0.0,0.0,0.0,0.0,0.0,5.0,0.0,0.0,5.0,4.0,4.0,0.0,4.0
user_346,0.0,0.0,2.0,0.0,0.0,0.0,0.0,0.0,0.0,0.0,0.0,0.0,0.0,0.0,0.0,5.0,0.0,0.0,3.0,0.0,0.0,0.0
user_347,4.0,0.0,4.0,0.0,0.0,0.0,1.0,0.0,0.0,0.0,0.0,0.0,0.0,0.0,0.0,3.0,0.0,0.0,0.0,0.0,1.0,0.0
user_348,5.0,0.0,0.0,4.0,0.0,0.0,3.0,5.0,0.0,5.0,0.0,2.0,0.0,3.0,0.0,0.0,2.0,0.0,0.0,0.0,2.0,0.0
user_349,0.0,0.0,2.0,0.0,0.0,0.0,5.0,0.0,0.0,5.0,3.0,0.0,0.0,2.0,0.0,0.0,0.0,0.0,0.0,0.0,0.0,0.0
user_350,0.0,3.0,1.0,0.0,0.0,0.0,0.0,0.0,0.0,5.0,5.0,3.0,0.0,0.0,0.0,0.0,0.0,0.0,0.0,1.0,0.0,3.0
user_351,2.0,2.0,0.0,0.0,0.0,4.0,2.0,0.0,3.0,2.0,0.0,0.0,5.0,0.0,5.0,0.0,0.0,0.0,0.0,0.0,0.0,0.0
user_352,0.0,0.0,1.0,0.0,0.0,0.0,0.0,2.0,0.0,0.0,0.0,0.0,0.0,0.0,0.0,0.0,5.0,4.0,0.0,0.0,0.0,0.0
user_353,0.0,0.0,0.0,0.0,4.0,0.0,0.0,0.0,0.0,5.0,0.0,3.0,0.0,0.0,0.0,0.0,0.0,0.0,0.0,0.0,0.0,0.0
user_354,0.0,3.0,0.0,5.0,4.0,0.0,0.0,0.0,5.0,0.0,0.0,0.0,0.0,4.0,3.0,0.0,2.0,0.0,0.0,0.0,0.0,1.0
user_355,0.0,2.0,0.0,0.0,0.0,0.0,0.0,0.0,0.0,0.0,1.0,0.0,0.0,0.0,0.0,0.0,0.0,0.0,0.0,0.0,0.0,5.0
user_356,3.0,0.0,1.0,0.0,0.0,2.0,0.0,1.0,0.0,0.0,0.0,0.0,0.0,2.0,0.0,0.0,4.0,0.0,3.0,5.0,4.0,1.0
user_357,0.0,3.0,4.0,0.0,0.0,2.0,0.0,0.0,4.0,3.0,0.0,0.0,0.0,0.0,4.0,0.0,0.0,4.0,0.0,5.0,0.0,0.0
user_358,0.0,2.0,1.0,0.0,4.0,1.0,0.0,0.0,1.0,5.0,4.0,0.0,4.0,0.0,0.0,0.0,5.0,0.0,0.0,0.0,1.0,0.0
user_359,1.0,0.0,4.0,0.0,4.0,0.0,2.0,0.0,5.0,0.0,0.0,0.0,0.0,4.0,0.0,3.0,0.0,0.0,0.0,0.0,2.0,0.0
user_360,0.0,0.0,0.0,4.0,0.0,0.0,0.0,0.0,0.0,2.0,0.0,0.0,0.0,4.0,0.0,0.0,0.0,0.0,0.0,0.0,0.0,0.0
user_361,0.0,0.0,0.0,4.0,5.0,0.0,2.0,4.0,0.0,4.0,2.0,0.0,1.0,0.0,0.0,4.0,0.0,4.0,0.0,1.0,0.0,0.0
user_362,0.0,0.0,0.0,0.0,5.0,0.0,0.0,4.0,0.0,1.0,1.0,0.0,0.0,1.0,0.0,0.0,0.0,3.0,0.0,4.0,0.0,5.0
user_363,0.0,0.0,0.0,0.0,0.0,0.0,0.0,4.0,0.0,0.0,0.0,2.0,0.0,0.0,0.0,0.0,0.0,0.0,0.0,0.0,0.0,4.0
user_364,1.0,3.0,3.0,0.0,1.0,0.0,5.0,0.0,0.0,0.0,0.0,0.0,0.0,0.0,2.0,1.0,0.0,0.0,4.0,0.0,0.0,4.0
user_365,0.0,0.0,0.0,1.0,5.0,0.0,0.0,0.0,0.0,0.0,0.0,0.0,0.0,0.0,0.0,0.0,0.0,1.0,0.0,0.0,0.0,0.0
user_366,0.0,0.0,0.0,2.0,0.0,0.0,2.0,0.0,0.0,0.0,4.0,5.0,1.0,0.0,0.0,0.0,0.0,0.0,0.0,0.0,0.0,0.0
user_367,2.0,0.0,2.0,0.0,0.0,3.0,0.0,0.0,0.0,0.0,0.0,0.0,1.0,1.0,0.0,0.0,5.0,0.0,1.0,0.0,0.0,0.0
user_368,4.0,0.0,4.0,2.0,1.0,0.0,3.0,0.0,0.0,0.0,0.0,0.0,0.0,0.0,0.0,4.0,0.0,0.0,2.0,0.0,0.0,0.0
user_369,5.0,2.0,2.0,0.0,0.0,0.0,0.0,0.0,0.0,0.0,1.0,0.0,0.0,0.0,4.0,0.0,0.0,1.0,0.0,0.0,0.0,0.0
user_370,4.0,0.0,0.0,0.0,0.0,0.0,0.0,4.0,0.0,0.0,1.0,1.0,3.0,0.0,0.0,0.0,0.0,0.0,0.0,1.0,0.0,0.0
user_371,3.0,0.0,3.0,2.0,0.0,0.0,2.0,1.0,0.0,3.0,1.0,2.0,0.0,0.0,0.0,0.0,0.0,0.0,3.0,0.0,4.0,0.0
user_372,1.0,0.0,0.0,0.0,0.0,0.0,0.0,1.0,0.0,2.0,3.0,4.0,3.0,0.0,5.0,0.0,1.0,0.0,0.0,0.0,1.0,0.0
user_373,0.0,0.0,0.0,0.0,0.0,5.0,5.0,4.0,1.0,0.0,0.0,0.0,1.0,4.0,4.0,1.0,0.0,1.0,0.0,0.0,0.0,0.0
user_374,4.0,0.0,0.0,1.0,0.0,0.0,0.0,2.0,0.0,3.0,2.0,0.0,2.0,3.0,0.0,0.0,0.0,2.0,4.0,0.0,0.0,0.0
user_375,4.0,0.0,0.0,0.0,0.0,0.0,4.0,0.0,0.0,0.0,5.0,0.0,0.0,4.0,0.0,0.0,3.0,0.0,1.0,4.0,3.0,0.0
user_376,0.0,1.0,0.0,0.0,0.0,0.0,0.0,0.0,0.0,0.0,0.0,2.0,0.0,0.0,0.0,0.0,0.0,0.0,1.0,0.0,0.0,0.0
user_377,1.0,0.0,0.0,0.0,4.0,1.0,0.0,0.0,1.0,5.0,2.0,0.0,0.0,0.0,0.0,1.0,1.0,0.0,1.0,0.0,0.0,2.0
user_378,0.0,0.0,0.0,0.0,4.0,4.0,0.0,0.0,0.0,0.0,3.0,0.0,0.0,0.0,5.0,0.0,0.0,0.0,0.0,0.0,0.0,0.0
user_379,2.0,0.0,0.0,1.0,0.0,0.0,0.0,3.0,0.0,5.0,0.0,0.0,0.0,0.0,0.0,0.0,0.0,0.0,0.0,2.0,0.0,0.0
user_380,2.0,5.0,0.0,0.0,0.0,0.0,0.0,0.0,0.0,0.0,0.0,4.0,0.0,2.0,0.0,0.0,0.0,0.0,5.0,0.0,4.0,4.0
user_381,0.0,2.0,0.0,1.0,0.0,0.0,0.0,0.0,0.0,3.0,0.0,0.0,0.0,0.0,0.0,0.0,0.0,0.0,0.0,0.0,0.0,0.0
user_382,0.0,0.0,1.0,1.0,0.0,0.0,0.0,0.0,0.0,0.0,0.0,0.0,0.0,0.0,0.0,3.0,0.0,0.0,0.0,1.0,4.0,0.0
user_383,0.0,4.0,4.0,0.0,0.0,0.0,0.0,4.0,0.0,0.0,0.0,5.0,0.0,0.0,0.0,4.0,0.0,0.0,0.0,1.0,0.0,0.0
user_384,0.0,0.0,0.0,5.0,5.0,0.0,0.0,0.0,0.0,0.0,1.0,1.0,3.0,0.0,0.0,5.0,5.0,0.0,0.0,4.0,0.0,0.0
user_385,5.0,0.0,4.0,1.0,0.0,0.0,0.0,4.0,3.0,0.0,0.0,0.0,0.0,3.0,0.0,0.0,0.0,4.0,1.0,1.0,1.0,0.0
user_386,0.0,0.0,5.0,5.0,0.0,0.0,0.0,1.0,0.0,0.0,1.0,0.0,0.0,0.0,0.0,0.0,0.0,0.0,0.0,0.0,0.0,4.0
user_387,0.0,0.0,0.0,4.0,0.0,0.0,0.0,0.0,0.0,2.0,3.0,0.0,5.0,5.0,0.0,0.0,0.0,0.0,0.0,3.0,0.0,5.0
user_388,0.0,0.0,0.0,0.0,0.0,0.0,0.0,0.0,0.0,0.0,0.0,0.0,0.0,0.0,3.0,0.0,5.0,3.0,0.0,0.0,0.0,0.0
user_389,3.0,0.0,0.0,0.0,0.0,0.0,0.0,3.0,1.0,0.0,0.0,0.0,0.0,0.0,0.0,0.0,0.0,0.0,0.0,0.0,0.0,0.0
user_390,0.0,0.0,0.0,2.0,0.0,5.0,0.0,0.0,0.0,2.0,2.0,0.0,1.0,4.0,0.0,0.0,0.0,3.0,3.0,0.0,0.0,0.0
user_391,0.0,0.0,0.0,0.0,0.0,1.0,0.0,0.0,3.0,2.0,0.0,2.0,0.0,2.0,0.0,2.0,0.0,2.0,0.0,0.0,0.0,0.0
user_392,0.0,0.0,0.0,0.0,3.0,0.0,0.0,0.0,0.0,0.0,0.0,0.0,0.0,5.0,0.0,1.0,5.0,0.0,0.0,0.0,0.0,0.0
user_393,0.0,4.0,0.0,0.0,0.0,2.0,0.0,1.0,0.0,0.0,0.0,4.0,0.0,0.0,0.0,0.0,3.0,0.0,2.0,0.0,1.0,0.0
user_394,0.0,0.0,5.0,0.0,0.0,0.0,4.0,0.0,0.0,5.0,2.0,1.0,3.0,0.0,1.0,0.0,0.0,0.0,3.0,0.0,0.0,0.0
user_395,2.0,0.0,0.0,4.0,0.0,0.0,2.0,0.0,0.0,0.0,0.0,4.0,0.0,0.0,0.0,0.0,0.0,0.0,0.0,3.0,0.0,1.0
user_396,1.0,0.0,0.0,0.0,3.0,0.0,5.0,4.0,2.0,0.0,0.0,0.0,2.0,0.0,4.0,0.0,1.0,0.0,0.0,1.0,0.0,5.0
user_397,0.0,4.0,3.0,0.0,0.0,0.0,0.0,0.0,0.0,0.0,0.0,5.0,0.0,0.0,0.0,1.0,0.0,5.0,4.0,0.0,2.0,2.0
user_398,0.0,2.0,0.0,5.0,0.0,0.0,0.0,0.0,3.0,0.0,0.0,0.0,0.0,0.0,5.0,0.0,1.0,0.0,4.0,0.0,0.0,0.0
user_399,2.0,0.0,0.0,0.0,0.0,0.0,0.0,0.0,0.0,4.0,0.0,4.0,0.0,2.0,0.0,3.0,0.0,0.0,0.0,0.0,5.0,4.0
user_400,0.0,0.0,0.0,0.0,0.0,0.0,0.0,0.0,1.0,0.0,0.0,0.0,0.0,2.0,1.0,5.0,0.0,0.0,0.0,0.0,5.0,0.0
user_401,0.0,0.0,5.0,2.0,0.0,0.0,0.0,0.0,1.0,0.0,0.0,3.0,0.0,0.0,1.0,3.0,5.0,0.0,0.0,0.0,5.0,0.0
user_402,2.0,4.0,0.0,1.0,5.0,0.0,3.0,5.0,4.0,0.0,0.0,0.0,0.0,5.0,3.0,0.0,0.0,0.0,0.0,0.0,0.0,0.0
user_403,2.0,0.0,0.0,0.0,0.0,0.0,0.0,0.0,3.0,0.0,0.0,2.0,0.0,4.0,0.0,0.0,0.0,0.0,4.0,0.0,0.0,0.0
user_404,3.0,0.0,0.0,2.0,0.0,0.0,1.0,3.0,0.0,2.0,0.0,3.0,0.0,2.0,0.0,0.0,0.0,0.0,3.0,0.0,1.0,3.0
user_405,0.0,0.0,0.0,1.0,0.0,0.0,0.0,0.0,0.0,0.0,3.0,0.0,0.0,0.0,0.0,0.0,2.0,0.0,2.0,0.0,4.0,0.0
user_406,3.0,1.0,0.0,0.0,0.0,0.0,0.0,0.0,0.0,1.0,0.0,3.0,0.0,0.0,2.0,0.0,0.0,0.0,4.0,5.0,0.0,2.0
user_407,1.0,0.0,0.0,0.0,0.0,0.0,0.0,0.0,0.0,0.0,0.0,0.0,0.0,0.0,0.0,0.0,2.0,0.0,3.0,0.0,1.0,0.0
user_408,0.0,0.0,0.0,0.0,2.0,0.0,0.0,0.0,0.0,0.0,0.0,0.0,2.0,0.0,1.0,0.0,1.0,0.0,0.0,0.0,0.0,0.0
user_409,4.0,0.0,0.0,0.0,0.0,0.0,0.0,0.0,0.0,0.0,0.0,2.0,0.0,5.0,0.0,0.0,0.0,5.0,0.0,2.0,0.0,0.0
user_410,2.0,0.0,1.0,0.0,0.0,0.0,0.0,4.0,0.0,0.0,0.0,0.0,0.0,5.0,0.0,0.0,0.0,0.0,0.0,1.0,3.0,0.0
user_411,0.0,0.0,0.0,5.0,5.0,0.0,1.0,4.0,5.0,0.0,2.0,0.0,0.0,0.0,0.0,1.0,2.0,0.0,0.0,0.0,0.0,0.0
user_412,0.0,0.0,0.0,0.0,1.0,0.0,0.0,0.0,0.0,0.0,0.0,0.0,4.0,0.0,0.0,0.0,0.0,0.0,0.0,0.0,0.0,2.0
user_413,0.0,4.0,0.0,0.0,1.0,0.0,3.0,1.0,0.0,1.0,1.0,1.0,0.0,0.0,0.0,0.0,5.0,4.0,0.0,3.0,0.0,0.0
user_414,0.0,0.0,0.0,0.0,3.0,0.0,3.0,0.0,2.0,0.0,0.0,0.0,0.0,0.0,0.0,0.0,0.0,2.0,0.0,0.0,0.0,4.0
user_415,3.0,4.0,0.0,0.0,0.0,0.0,0.0,0.0,5.0,0.0,0.0,4.0,0.0,4.0,0.0,0.0,0.0,0.0,1.0,1.0,0.0,3.0
user_416,0.0,0.0,5.0,0.0,0.0,1.0,0.0,0.0,0.0,0.0,0.0,4.0,0.0,0.0,0.0,0.0,0.0,0.0,2.0,0.0,5.0,3.0
user_417,0.0,0.0,0.0,0.0,3.0,0.0,0.0,0.0,0.0,2.0,5.0,1.0,4.0,4.0,0.0,1.0,0.0,0.0,5.0,0.0,0.0,0.0
user_418,0.0,0.0,0.0,1.0,0.0,0.0,0.0,0.0,5.0,0.0,2.0,2.0,0.0,4.0,0.0,5.0,0.0,5.0,0.0,0.0,3.0,3.0
user_419,0.0,0.0,0.0,0.0,0.0,0.0,5.0,0.0,0.0,0.0,2.0,0.0,0.0,0.0,0.0,3.0,3.0,0.0,0.0,2.0,0.0,0.0
user_420,3.0,2.0,0.0,1.0,0.0,0.0,0.0,0.0,2.0,0.0,2.0,0.0,4.0,2.0,2.0,3.0,0.0,0.0,0.0,0.0,0.0,4.0
user_421,1.0,2.0,0.0,0.0,3.0,0.0,0.0,0.0,0.0,5.0,3.0,0.0,0.0,0.0,4.0,2.0,0.0,1.0,0.0,1.0,0.0,2.0
user_422,1.0,0.0,4.0,0.0,1.0,3.0,0.0,0.0,4.0,0.0,0.0,0.0,0.0,5.0,4.0,0.0,0.0,5.0,0.0,0.0,0.0,0.0
user_423,2.0,3.0,0.0,2.0,0.0,4.0,0.0,1.0,5.0,0.0,1.0,0.0,0.0,0.0,5.0,0.0,1.0,0.0,5.0,0.0,0.0,0.0
user_424,0.0,4.0,0.0,2.0,0.0,0.0,0.0,4.0,0.0,4.0,0.0,0.0,1.0,0.0,0.0,4.0,0.0,5.0,0.0,0.0,0.0,0.0
user_425,0.0,1.0,3.0,0.0,0.0,0.0,1.0,0.0,0.0,1.0,0.0,0.0,0.0,0.0,0.0,0.0,5.0,0.0,0.0,2.0,0.0,5.0
user_426,0.0,0.0,1.0,5.0,0.0,0.0,0.0,0.0,0.0,0.0,2.0,4.0,5.0,4.0,0.0,0.0,0.0,0.0,0.0,0.0,0.0,0.0
user_427,0.0,3.0,2.0,2.0,0.0,3.0,0.0,0.0,0.0,0.0,4.0,0.0,0.0,0.0,0.0,4.0,0.0,0.0,1.0,0.0,0.0,0.0
user_428,1.0,0.0,0.0,0.0,3.0,0.0,0.0,0.0,0.0,0.0,0.0,0.0,0.0,1.0,1.0,2.0,0.0,3.0,3.0,0.0,0.0,0.0
user_429,0.0,4.0,0.0,1.0,0.0,0.0,0.0,4.0,0.0,1.0,4.0,4.0,2.0,0.0,0.0,4.0,1.0,0.0,0.0,0.0,0.0,0.0
user_430,0.0,0.0,5.0,5.0,0.0,0.0,0.0,0.0,0.0,0.0,0.0,5.0,0.0,0.0,0.0,0.0,0.0,1.0,0.0,0.0,0.0,0.0
user_431,0.0,0.0,0.0,0.0,0.0,0.0,0.0,0.0,0.0,0.0,0.0,0.0,0.0,3.0,0.0,0.0,3.0,0.0,2.0,0.0,0.0,4.0
user_432,1.0,1.0,0.0,0.0,5.0,0.0,4.0,0.0,3.0,0.0,0.0,5.0,0.0,0.0,0.0,4.0,0.0,0.0,0.0,3.0,0.0,0.0
user_433,0.0,1.0,0.0,4.0,0.0,0.0,0.0,0.0,0.0,0.0,0.0,0.0,0.0,0.0,1.0,0.0,0.0,0.0,0.0,0.0,4.0,0.0
user_434,2.0,0.0,0.0,0.0,0.0,0.0,0.0,0.0,0.0,0.0,0.0,0.0,2.0,0.0,0.0,0.0,0.0,0.0,3.0,0.0,0.0,5.0
user_435,2.0,0.0,0.0,0.0,4.0,5.0,4.0,0.0,0.0,0.0,0.0,0.0,0.0,0.0,0.0,0.0,0.0,0.0,1.0,0.0,1.0,0.0
user_436,4.0,0.0,0.0,0.0,0.0,0.0,0.0,2.0,0.0,0.0,0.0,0.0,0.0,2.0,0.0,5.0,0.0,0.0,0.0,0.0,3.0,3.0
user_437,4.0,0.0,0.0,0.0,0.0,0.0,2.0,3.0,0.0,0.0,4.0,0.0,0.0,0.0,0.0,3.0,0.0,0.0,0.0,0.0,0.0,0.0
user_438,0.0,0.0,0.0,0.0,5.0,0.0,4.0,0.0,0.0,0.0,0.0,3.0,0.0,0.0,5.0,0.0,5.0,0.0,0.0,0.0,0.0,0.0
user_439,0.0,2.0,5.0,0.0,2.0,3.0,0.0,0.0,0.0,5.0,0.0,0.0,0.0,0.0,0.0,0.0,0.0,5.0,2.0,5.0,0.0,0.0
user_440,0.0,0.0,0.0,0.0,4.0,5.0,0.0,0.0,0.0,3.0,0.0,0.0,3.0,0.0,0.0,3.0,0.0,3.0,0.0,0.0,3.0,0.0
user_441,5.0,0.0,0.0,4.0,0.0,4.0,5.0,0.0,5.0,0.0,4.0,0.0,0.0,0.0,0.0,0.0,0.0,3.0,3.0,0.0,0.0,0.0
user_442,2.0,0.0,0.0,0.0,0.0,0.0,3.0,5.0,0.0,0.0,0.0,0.0,0.0,0.0,0.0,0.0,0.0,0.0,5.0,4.0,0.0,0.0
user_443,4.0,0.0,0.0,3.0,0.0,0.0,1.0,3.0,1.0,0.0,0.0,4.0,0.0,0.0,0.0,0.0,0.0,4.0,0.0,0.0,0.0,3.0
user_444,0.0,0.0,3.0,0.0,0.0,5.0,0.0,0.0,0.0,1.0,0.0,0.0,0.0,5.0,1.0,0.0,0.0,1.0,0.0,0.0,0.0,0.0
user_445,0.0,0.0,0.0,0.0,0.0,3.0,0.0,0.0,0.0,0.0,0.0,0.0,5.0,2.0,0.0,0.0,0.0,0.0,0.0,0.0,4.0,0.0
user_446,0.0,0.0,0.0,0.0,2.0,0.0,4.0,3.0,0.0,0.0,0.0,0.0,0.0,0.0,0.0,0.0,0.0,0.0,0.0,0.0,0.0,0.0
user_447,1.0,1.0,0.0,0.0,0.0,0.0,0.0,4.0,1.0,0.0,0.0,5.0,0.0,0.0,0.0,1.0,0.0,0.0,0.0,0.0,0.0,0.0
user_448,2.0,2.0,0.0,0.0,0.0,0.0,5.0,1.0,0.0,0.0,0.0,2.0,0.0,2.0,0.0,0.0,0.0,0.0,0.0,0.0,0.0,2.0
user_449,0.0,0.0,0.0,5.0,4.0,0.0,0.0,2.0,0.0,3.0,0.0,3.0,5.0,0.0,0.0,0.0,0.0,0.0,0.0,1.0,4.0,2.0
user_450,1.0,0.0,1.0,0.0,0.0,0.0,4.0,3.0,0.0,2.0,1.0,0.0,0.0,0.0,0.0,1.0,0.0,0.0,0.0,0.0,3.0,0.0
user_451,2.0,5.0,0.0,2.0,3.0,5.0,0.0,0.0,4.0,1.0,0.0,0.0,0.0,0.0,5.0,0.0,5.0,0.0,5.0,0.0,0.0,0.0
user_452,0.0,5.0,0.0,4.0,0.0,0.0,0.0,2.0,0.0,0.0,5.0,0.0,0.0,0.0,0.0,0.0,0.0,0.0,0.0,0.0,0.0,1.0
user_453,0.0,5.0,1.0,0.0,0.0,0.0,0.0,1.0,0.0,0.0,0.0,0.0,0.0,5.0,0.0,5.0,0.0,4.0,1.0,0.0,4.0,0.0
user_454,0.0,3.0,4.0,0.0,5.0,0.0,2.0,1.0,0.0,0.0,0.0,0.0,2.0,2.0,0.0,2.0,0.0,0.0,0.0,0.0,0.0,4.0
user_455,0.0,0.0,5.0,0.0,0.0,5.0,0.0,0.0,2.0,0.0,2.0,5.0,2.0,0.0,3.0,5.0,0.0,0.0,0.0,1.0,4.0,0.0
user_456,0.0,0.0,0.0,2.0,0.0,0.0,0.0,4.0,0.0,1.0,0.0,4.0,0.0,5.0,0.0,0.0,0.0,1.0,0.0,0.0,3.0,2.0
user_457,1.0,2.0,0.0,0.0,0.0,0.0,0.0,0.0,4.0,3.0,0.0,4.0,0.0,1.0,0.0,3.0,0.0,5.0,4.0,0.0,1.0,0.0
user_458,0.0,0.0,0.0,0.0,0.0,3.0,4.0,0.0,4.0,0.0,4.0,0.0,0.0,0.0,1.0,0.0,0.0,0.0,1.0,0.0,0.0,0.0
user_459,0.0,0.0,0.0,3.0,0.0,5.0,5.0,5.0,0.0,2.0,0.0,0.0,4.0,3.0,3.0,0.0,0.0,0.0,0.0,0.0,2.0,1.0
user_460,0.0,0.0,0.0,0.0,0.0,0.0,0.0,0.0,0.0,0.0,0.0,0.0,2.0,0.0,0.0,1.0,1.0,2.0,4.0,3.0,0.0,1.0
user_461,0.0,3.0,2.0,0.0,1.0,0.0,0.0,0.0,0.0,0.0,4.0,2.0,0.0,0.0,5.0,1.0,0.0,2.0,0.0,2.0,5.0,0.0
user_462,4.0,0.0,0.0,0.0,0.0,0.0,4.0,0.0,0.0,1.0,0.0,0.0,5.0,0.0,0.0,0.0,5.0,1.0,4.0,0.0,3.0,5.0
user_463,0.0,3.0,0.0,0.0,0.0,0.0,0.0,2.0,0.0,0.0,0.0,2.0,0.0,0.0,0.0,0.0,0.0,0.0,2.0,4.0,0.0,0.0
user_464,0.0,3.0,0.0,5.0,2.0,0.0,5.0,2.0,0.0,0.0,0.0,2.0,0.0,0.0,0.0,0.0,2.0,0.0,3.0,0.0,0.0,5.0
user_465,4.0,3.0,3.0,0.0,3.0,2.0,0.0,4.0,1.0,0.0,0.0,5.0,0.0,0.0,1.0,0.0,0.0,0.0,0.0,0.0,0.0,5.0
user_466,0.0,0.0,5.0,0.0,0.0,0.0,0.0,0.0,4.0,0.0,0.0,0.0,0.0,0.0,2.0,2.0,1.0,5.0,1.0,0.0,5.0,0.0
user_467,0.0,0.0,0.0,3.0,3.0,0.0,0.0,4.0,0.0,1.0,0.0,0.0,0.0,1.0,0.0,2.0,5.0,0.0,0.0,3.0,0.0,0.0
user_468,0.0,4.0,0.0,0.0,0.0,3.0,1.0,0.0,4.0,0.0,1.0,5.0,0.0,0.0,0.0,0.0,0.0,1.0,0.0,5.0,3.0,4.0
user_469,5.0,0.0,0.0,0.0,0.0,0.0,5.0,0.0,0.0,0.0,0.0,3.0,2.0,0.0,0.0,0.0,0.0,0.0,0.0,0.0,0.0,0.0
user_470,0.0,0.0,0.0,0.0,0.0,0.0,0.0,0.0,0.0,0.0,0.0,5.0,0.0,0.0,1.0,0.0,0.0,0.0,0.0,0.0,5.0,0.0
user_471,2.0,0.0,0.0,0.0,4.0,0.0,0.0,0.0,3.0,0.0,2.0,0.0,0.0,0.0,0.0,0.0,3.0,1.0,3.0,0.0,4.0,3.0
user_472,0.0,0.0,0.0,3.0,5.0,0.0,0.0,0.0,0.0,0.0,5.0,0.0,0.0,0.0,0.0,0.0,0.0,0.0,0.0,0.0,1.0,4.0
user_473,0.0,2.0,0.0,0.0,0.0,0.0,0.0,0.0,0.0,0.0,2.0,0.0,5.0,0.0,0.0,0.0,1.0,0.0,0.0,0.0,0.0,3.0
user_474,0.0,0.0,3.0,2.0,0.0,1.0,0.0,0.0,4.0,0.0,0.0,2.0,5.0,0.0,4.0,0.0,2.0,2.0,0.0,2.0,0.0,0.0
user_475,0.0,3.0,4.0,4.0,0.0,1.0,0.0,1.0,0.0,0.0,0.0,0.0,0.0,2.0,0.0,0.0,5.0,4.0,0.0,0.0,0.0,0.0
user_476,0.0,5.0,0.0,4.0,0.0,3.0,2.0,3.0,1.0,0.0,0.0,0.0,0.0,5.0,0.0,1.0,0.0,1.0,0.0,0.0,0.0,0.0
user_477,5.0,4.0,0.0,2.0,0.0,0.0,0.0,0.0,0.0,0.0,0.0,5.0,1.0,0.0,0.0,0.0,4.0,0.0,0.0,4.0,4.0,0.0
user_478,0.0,1.0,0.0,5.0,0.0,0.0,5.0,3.0,0.0,0.0,0.0,0.0,0.0,0.0,0.0,4.0,3.0,4.0,0.0,5.0,0.0,3.0
user_479,0.0,3.0,0.0,1.0,2.0,0.0,0.0,0.0,2.0,0.0,4.0,5.0,5.0,1.0,0.0,0.0,3.0,0.0,0.0,0.0,0.0,5.0
user_480,0.0,0.0,0.0,0.0,0.0,0.0,0.0,0.0,0.0,0.0,0.0,0.0,1.0,0.0,0.0,0.0,1.0,0.0,2.0,0.0,5.0,0.0
user_481,0.0,0.0,2.0,0.0,0.0,1.0,0.0,2.0,0.0,0.0,3.0,4.0,0.0,2.0,0.0,0.0,0.0,3.0,5.0,0.0,4.0,0.0
user_482,3.0,0.0,0.0,2.0,0.0,0.0,0.0,0.0,2.0,4.0,0.0,0.0,0.0,1.0,4.0,0.0,0.0,1.0,0.0,1.0,0.0,2.0
user_483,0.0,0.0,0.0,4.0,4.0,2.0,5.0,0.0,0.0,0.0,0.0,0.0,0.0,0.0,0.0,0.0,3.0,0.0,0.0,0.0,3.0,1.0
user_484,0.0,0.0,0.0,0.0,0.0,5.0,0.0,0.0,1.0,0.0,5.0,0.0,0.0,0.0,2.0,0.0,3.0,4.0,0.0,4.0,0.0,0.0
user_485,4.0,0.0,0.0,0.0,0.0,2.0,0.0,0.0,1.0,0.0,0.0,3.0,0.0,1.0,1.0,0.0,3.0,0.0,3.0,0.0,0.0,0.0
user_486,0.0,3.0,4.0,3.0,0.0,4.0,0.0,2.0,0.0,0.0,1.0,2.0,0.0,1.0,0.0,3.0,0.0,0.0,0.0,5.0,0.0,0.0
user_487,0.0,0.0,0.0,4.0,0.0,0.0,0.0,0.0,0.0,3.0,0.0,0.0,0.0,5.0,0.0,0.0,0.0,0.0,2.0,0.0,0.0,0.0
user_488,0.0,0.0,0.0,0.0,2.0,0.0,0.0,0.0,1.0,0.0,0.0,0.0,0.0,0.0,0.0,0.0,0.0,0.0,2.0,0.0,0.0,0.0
user_489,0.0,1.0,0.0,0.0,0.0,0.0,1.0,0.0,1.0,2.0,0.0,3.0,0.0,0.0,0.0,1.0,0.0,0.0,5.0,0.0,3.0,4.0
user_490,0.0,0.0,0.0,0.0,0.0,3.0,0.0,0.0,2.0,0.0,0.0,0.0,0.0,0.0,0.0,0.0,0.0,0.0,0.0,0.0,0.0,4.0
user_491,0.0,4.0,0.0,0.0,0.0,0.0,0.0,0.0,0.0,4.0,0.0,0.0,0.0,2.0,0.0,0.0,0.0,0.0,0.0,0.0,0.0,0.0
user_492,0.0,2.0,0.0,0.0,0.0,0.0,0.0,0.0,2.0,0.0,0.0,0.0,0.0,0.0,1.0,0.0,0.0,0.0,0.0,0.0,0.0,0.0
user_493,0.0,0.0,0.0,0.0,0.0,1.0,0.0,0.0,0.0,0.0,3.0,0.0,0.0,0.0,0.0,0.0,0.0,5.0,0.0,0.0,0.0,0.0
user_494,0.0,0.0,0.0,0.0,0.0,0.0,0.0,0.0,0.0,0.0,0.0,0.0,0.0,0.0,0.0,0.0,5.0,0.0,0.0,4.0,1.0,0.0
user_495,0.0,0.0,3.0,2.0,0.0,0.0,0.0,0.0,0.0,0.0,0.0,0.0,0.0,0.0,0.0,0.0,0.0,0.0,0.0,0.0,0.0,3.0
user_496,0.0,0.0,1.0,0.0,3.0,0.0,0.0,5.0,0.0,1.0,5.0,1.0,4.0,4.0,0.0,4.0,1.0,0.0,0.0,0.0,0.0,0.0
user_497,0.0,0.0,0.0,0.0,0.0,0.0,0.0,0.0,0.0,0.0,1.0,0.0,0.0,0.0,0.0,0.0,0.0,1.0,0.0,2.0,0.0,0.0
user_498,0.0,2.0,0.0,0.0,0.0,1.0,0.0,0.0,0.0,5.0,0.0,0.0,1.0,0.0,0.0,1.0,0.0,0.0,0.0,0.0,0.0,0.0
user_499,0.0,0.0,0.0,0.0,0.0,0.0,0.0,0.0,1.0,0.0,0.0,0.0,0.0,0.0,0.0,0.0,0.0,0.0,4.0,1.0,0.0,0.0
user_500,0.0,4.0,0.0,0.0,0.0,0.0,0.0,0.0,0.0,0.0,0.0,5.0,0.0,0.0,0.0,2.0,0.0,5.0,0.0,0.0,4.0,0.0
usuario@gmail.com,3.0,4.0,4.0,0.0,0.0,0.0,0.0,0.0,0.0,0.0,0.0,0.0,0.0,0.0,0.0,0.0,0.0,2.0,3.0,4.0,0.0,0.0
123@gmail.com,0.0,0.0,0.0,0.0,0.0,0.0,0.0,0.0,0.0,0.0,0.0,0.0,0.0,0.0,0.0,0.0,0.0,0.0,0.0,0.0,0.0,0.0
1321323@gmail.com,3.0,1.0,0.0,3.0,0.0,2.0,0.0,0.0,0.0,0.0,0.0,4.0,0.0,3.0,0.0,2.0,2.0,0.0,0.0,0.0,0.0,0.0
